address,mac,ssid
1600 Pennsylvania Avenue NW Washington DC,AA:BB:CC:DD:EE:01,WhiteHouse_0
350 Fifth Avenue New York NY,AA:BB:CC:DD:EE:02,Empire_0
1 Infinite Loop Cupertino CA,AA:BB:CC:DD:EE:03,Apple_0
1 Microsoft Way Redmond WA,AA:BB:CC:DD:EE:04,Microsoft_0
1 Hacker Way Menlo Park CA,AA:BB:CC:DD:EE:05,Facebook_0
1901 S Bell Ave Chicago IL,AA:BB:CC:DD:EE:06,Google_0
410 Terry Ave N Seattle WA,AA:BB:CC:DD:EE:07,Amazon_0
1 Tesla Road Austin TX,AA:BB:CC:DD:EE:08,Tesla_0
1 Apple Park Way Cupertino CA,AA:BB:CC:DD:EE:09,ApplePark_0
500 Oracle Parkway Redwood City CA,AA:BB:CC:DD:EE:0A,Oracle_0
100 Oracle Parkway Redwood City CA,AA:BB:CC:DD:EE:0B,Oracle2_0
200 Oracle Parkway Redwood City CA,AA:BB:CC:DD:EE:0C,Oracle3_0
300 Oracle Parkway Redwood City CA,AA:BB:CC:DD:EE:0D,Oracle4_0
400 Oracle Parkway Redwood City CA,AA:BB:CC:DD:EE:0E,Oracle5_0
600 Oracle Parkway Redwood City CA,AA:BB:CC:DD:EE:0F,Oracle6_0
700 Oracle Parkway Redwood City CA,AA:BB:CC:DD:EE:10,Oracle7_0
800 Oracle Parkway Redwood City CA,AA:BB:CC:DD:EE:11,Oracle8_0
900 Oracle Parkway Redwood City CA,AA:BB:CC:DD:EE:12,Oracle9_0
1000 Oracle Parkway Redwood City CA,AA:BB:CC:DD:EE:13,Oracle10_0
1 CNN Center Atlanta GA,AA:BB:CC:DD:EE:14,CNN_0
30 Rockefeller Plaza New York NY,AA:BB:CC:DD:EE:15,NBC_0
77 W 66th St New York NY,AA:BB:CC:DD:EE:16,ABC_0
51 W 52nd St New York NY,AA:BB:CC:DD:EE:17,CBS_0
1211 Avenue of the Americas New York NY,AA:BB:CC:DD:EE:18,Fox_0
1 Time Warner Center New York NY,AA:BB:CC:DD:EE:19,TimeWarner_0
1 AT&T Plaza Dallas TX,AA:BB:CC:DD:EE:1A,ATT_0
1095 Avenue of the Americas New York NY,AA:BB:CC:DD:EE:1B,Verizon_0
600 New Jersey Ave NW Washington DC,AA:BB:CC:DD:EE:1C,Sprint_0
6200 Sprint Pkwy Overland Park KS,AA:BB:CC:DD:EE:1D,SprintHQ_0
1 Coca Cola Plaza Atlanta GA,AA:BB:CC:DD:EE:1E,CocaCola_0
1 Pepsi Way Purchase NY,AA:BB:CC:DD:EE:1F,Pepsi_0
1 Dr Pepper Way Plano TX,AA:BB:CC:DD:EE:20,DrPepper_0
1 Monster Way Corona CA,AA:BB:CC:DD:EE:21,Monster_0
1 Red Bull Way Santa Monica CA,AA:BB:CC:DD:EE:22,RedBull_0
1 Starbucks Way Seattle WA,AA:BB:CC:DD:EE:23,Starbucks_0
1 Dunkin Way Canton MA,AA:BB:CC:DD:EE:24,Dunkin_0
1 McDonalds Plaza Oak Brook IL,AA:BB:CC:DD:EE:25,McDonalds_0
1 Burger King Way Miami FL,AA:BB:CC:DD:EE:26,BurgerKing_0
1 Wendys Way Dublin OH,AA:BB:CC:DD:EE:27,Wendys_0
1 Taco Bell Way Irvine CA,AA:BB:CC:DD:EE:28,TacoBell_0
1 KFC Way Louisville KY,AA:BB:CC:DD:EE:29,KFC_0
1 Pizza Hut Way Plano TX,AA:BB:CC:DD:EE:2A,PizzaHut_0
1 Dominos Way Ann Arbor MI,AA:BB:CC:DD:EE:2B,Dominos_0
1 Papa Johns Way Louisville KY,AA:BB:CC:DD:EE:2C,PapaJohns_0
1 Subway Way Milford CT,AA:BB:CC:DD:EE:2D,Subway_0
1 Chipotle Way Newport Beach CA,AA:BB:CC:DD:EE:2E,Chipotle_0
1 Panera Way St Louis MO,AA:BB:CC:DD:EE:2F,Panera_0
1 Chick-fil-A Way Atlanta GA,AA:BB:CC:DD:EE:30,ChickfilA_0
1 In-N-Out Way Irvine CA,AA:BB:CC:DD:EE:31,InNOut_0
1 Five Guys Way Lorton VA,AA:BB:CC:DD:EE:32,FiveGuys_0
1 Shake Shack Way New York NY,AA:BB:CC:DD:EE:33,ShakeShack_0
1 White Castle Way Columbus OH,AA:BB:CC:DD:EE:34,WhiteCastle_0
1 Sonic Way Oklahoma City OK,AA:BB:CC:DD:EE:35,Sonic_0
1 Arbys Way Atlanta GA,AA:BB:CC:DD:EE:36,Arbys_0
1 Jack in the Box Way San Diego CA,AA:BB:CC:DD:EE:37,JackBox_0
1 Carl's Jr Way Anaheim CA,AA:BB:CC:DD:EE:38,CarlsJr_0
1 Hardees Way Rocky Mount NC,AA:BB:CC:DD:EE:39,Hardees_0
1 Popeyes Way Miami FL,AA:BB:CC:DD:EE:3A,Popeyes_0
1 Bojangles Way Charlotte NC,AA:BB:CC:DD:EE:3B,Bojangles_0
1 Zaxbys Way Athens GA,AA:BB:CC:DD:EE:3C,Zaxbys_0
1 Raising Canes Way Baton Rouge LA,AA:BB:CC:DD:EE:3D,RaisingCanes_0
1 Wingstop Way Dallas TX,AA:BB:CC:DD:EE:3E,Wingstop_0
1 Buffalo Wild Wings Way Minneapolis MN,AA:BB:CC:DD:EE:3F,BWW_0
1 Hooters Way Clearwater FL,AA:BB:CC:DD:EE:40,Hooters_0
1 Twin Peaks Way Dallas TX,AA:BB:CC:DD:EE:41,TwinPeaks_0
1 Tilted Kilt Way Tempe AZ,AA:BB:CC:DD:EE:42,TiltedKilt_0
1 Applebees Way Glendale CA,AA:BB:CC:DD:EE:43,Applebees_0
1 Chilis Way Dallas TX,AA:BB:CC:DD:EE:44,Chilis_0
1 TGI Fridays Way Dallas TX,AA:BB:CC:DD:EE:45,Fridays_0
1 Olive Garden Way Orlando FL,AA:BB:CC:DD:EE:46,OliveGarden_0
1 Red Lobster Way Orlando FL,AA:BB:CC:DD:EE:47,RedLobster_0
1 Outback Way Tampa FL,AA:BB:CC:DD:EE:48,Outback_0
1 Texas Roadhouse Way Louisville KY,AA:BB:CC:DD:EE:49,TexasRoadhouse_0
1 LongHorn Way Orlando FL,AA:BB:CC:DD:EE:4A,LongHorn_0
1 Cracker Barrel Way Lebanon TN,AA:BB:CC:DD:EE:4B,CrackerBarrel_0
1 Bob Evans Way Columbus OH,AA:BB:CC:DD:EE:4C,BobEvans_0
1 Dennys Way Spartanburg SC,AA:BB:CC:DD:EE:4D,Dennys_0
1 IHOP Way Glendale CA,AA:BB:CC:DD:EE:4E,IHOP_0
1 Waffle House Way Norcross GA,AA:BB:CC:DD:EE:4F,WaffleHouse_0
1 Perkins Way Memphis TN,AA:BB:CC:DD:EE:50,Perkins_0
1 Village Inn Way Denver CO,AA:BB:CC:DD:EE:51,VillageInn_0
1 Shoneys Way Nashville TN,AA:BB:CC:DD:EE:52,Shoneys_0
1 Golden Corral Way Raleigh NC,AA:BB:CC:DD:EE:53,GoldenCorral_0
1 Ryans Way Greer SC,AA:BB:CC:DD:EE:54,Ryans_0
1 Hometown Buffet Way San Diego CA,AA:BB:CC:DD:EE:55,Hometown_0
1 Sizzler Way Mission Viejo CA,AA:BB:CC:DD:EE:56,Sizzler_0
1 Ponderosa Way Dayton OH,AA:BB:CC:DD:EE:57,Ponderosa_0
1 Bonanza Way Dallas TX,AA:BB:CC:DD:EE:58,Bonanza_0
1 Lubys Way Houston TX,AA:BB:CC:DD:EE:59,Lubys_0
1 Furrs Way Albuquerque NM,AA:BB:CC:DD:EE:5A,Furrs_0
1 Piccadilly Way Baton Rouge LA,AA:BB:CC:DD:EE:5B,Piccadilly_0
1 K&W Way Winston-Salem NC,AA:BB:CC:DD:EE:5C,KW_0
1 Morrisons Way Mobile AL,AA:BB:CC:DD:EE:5D,Morrisons_0
1 MCL Way Indianapolis IN,AA:BB:CC:DD:EE:5E,MCL_0
1 Souplantation Way San Diego CA,AA:BB:CC:DD:EE:5F,Souplantation_0
1 Sweet Tomatoes Way Lakewood CO,AA:BB:CC:DD:EE:60,SweetTomatoes_0
1 Cici's Pizza Way Coppell TX,AA:BB:CC:DD:EE:61,Cicis_0
1 Chuck E Cheese Way Irving TX,AA:BB:CC:DD:EE:62,ChuckECheese_0
1 Dave and Busters Way Dallas TX,AA:BB:CC:DD:EE:63,DaveAndBusters_0
1 Main Event Way Dallas TX,AA:BB:CC:DD:EE:64,MainEvent_0
1600 Pennsylvania Avenue NW Washington DC,AA:BB:CC:DD:EE:65,WhiteHouse_1
350 Fifth Avenue New York NY,AA:BB:CC:DD:EE:66,Empire_1
1 Infinite Loop Cupertino CA,AA:BB:CC:DD:EE:67,Apple_1
1 Microsoft Way Redmond WA,AA:BB:CC:DD:EE:68,Microsoft_1
1 Hacker Way Menlo Park CA,AA:BB:CC:DD:EE:69,Facebook_1
1901 S Bell Ave Chicago IL,AA:BB:CC:DD:EE:6A,Google_1
410 Terry Ave N Seattle WA,AA:BB:CC:DD:EE:6B,Amazon_1
1 Tesla Road Austin TX,AA:BB:CC:DD:EE:6C,Tesla_1
1 Apple Park Way Cupertino CA,AA:BB:CC:DD:EE:6D,ApplePark_1
500 Oracle Parkway Redwood City CA,AA:BB:CC:DD:EE:6E,Oracle_1
100 Oracle Parkway Redwood City CA,AA:BB:CC:DD:EE:6F,Oracle2_1
200 Oracle Parkway Redwood City CA,AA:BB:CC:DD:EE:70,Oracle3_1
300 Oracle Parkway Redwood City CA,AA:BB:CC:DD:EE:71,Oracle4_1
400 Oracle Parkway Redwood City CA,AA:BB:CC:DD:EE:72,Oracle5_1
600 Oracle Parkway Redwood City CA,AA:BB:CC:DD:EE:73,Oracle6_1
700 Oracle Parkway Redwood City CA,AA:BB:CC:DD:EE:74,Oracle7_1
800 Oracle Parkway Redwood City CA,AA:BB:CC:DD:EE:75,Oracle8_1
900 Oracle Parkway Redwood City CA,AA:BB:CC:DD:EE:76,Oracle9_1
1000 Oracle Parkway Redwood City CA,AA:BB:CC:DD:EE:77,Oracle10_1
1 CNN Center Atlanta GA,AA:BB:CC:DD:EE:78,CNN_1
30 Rockefeller Plaza New York NY,AA:BB:CC:DD:EE:79,NBC_1
77 W 66th St New York NY,AA:BB:CC:DD:EE:7A,ABC_1
51 W 52nd St New York NY,AA:BB:CC:DD:EE:7B,CBS_1
1211 Avenue of the Americas New York NY,AA:BB:CC:DD:EE:7C,Fox_1
1 Time Warner Center New York NY,AA:BB:CC:DD:EE:7D,TimeWarner_1
1 AT&T Plaza Dallas TX,AA:BB:CC:DD:EE:7E,ATT_1
1095 Avenue of the Americas New York NY,AA:BB:CC:DD:EE:7F,Verizon_1
600 New Jersey Ave NW Washington DC,AA:BB:CC:DD:EE:80,Sprint_1
6200 Sprint Pkwy Overland Park KS,AA:BB:CC:DD:EE:81,SprintHQ_1
1 Coca Cola Plaza Atlanta GA,AA:BB:CC:DD:EE:82,CocaCola_1
1 Pepsi Way Purchase NY,AA:BB:CC:DD:EE:83,Pepsi_1
1 Dr Pepper Way Plano TX,AA:BB:CC:DD:EE:84,DrPepper_1
1 Monster Way Corona CA,AA:BB:CC:DD:EE:85,Monster_1
1 Red Bull Way Santa Monica CA,AA:BB:CC:DD:EE:86,RedBull_1
1 Starbucks Way Seattle WA,AA:BB:CC:DD:EE:87,Starbucks_1
1 Dunkin Way Canton MA,AA:BB:CC:DD:EE:88,Dunkin_1
1 McDonalds Plaza Oak Brook IL,AA:BB:CC:DD:EE:89,McDonalds_1
1 Burger King Way Miami FL,AA:BB:CC:DD:EE:8A,BurgerKing_1
1 Wendys Way Dublin OH,AA:BB:CC:DD:EE:8B,Wendys_1
1 Taco Bell Way Irvine CA,AA:BB:CC:DD:EE:8C,TacoBell_1
1 KFC Way Louisville KY,AA:BB:CC:DD:EE:8D,KFC_1
1 Pizza Hut Way Plano TX,AA:BB:CC:DD:EE:8E,PizzaHut_1
1 Dominos Way Ann Arbor MI,AA:BB:CC:DD:EE:8F,Dominos_1
1 Papa Johns Way Louisville KY,AA:BB:CC:DD:EE:90,PapaJohns_1
1 Subway Way Milford CT,AA:BB:CC:DD:EE:91,Subway_1
1 Chipotle Way Newport Beach CA,AA:BB:CC:DD:EE:92,Chipotle_1
1 Panera Way St Louis MO,AA:BB:CC:DD:EE:93,Panera_1
1 Chick-fil-A Way Atlanta GA,AA:BB:CC:DD:EE:94,ChickfilA_1
1 In-N-Out Way Irvine CA,AA:BB:CC:DD:EE:95,InNOut_1
1 Five Guys Way Lorton VA,AA:BB:CC:DD:EE:96,FiveGuys_1
1 Shake Shack Way New York NY,AA:BB:CC:DD:EE:97,ShakeShack_1
1 White Castle Way Columbus OH,AA:BB:CC:DD:EE:98,WhiteCastle_1
1 Sonic Way Oklahoma City OK,AA:BB:CC:DD:EE:99,Sonic_1
1 Arbys Way Atlanta GA,AA:BB:CC:DD:EE:9A,Arbys_1
1 Jack in the Box Way San Diego CA,AA:BB:CC:DD:EE:9B,JackBox_1
1 Carl's Jr Way Anaheim CA,AA:BB:CC:DD:EE:9C,CarlsJr_1
1 Hardees Way Rocky Mount NC,AA:BB:CC:DD:EE:9D,Hardees_1
1 Popeyes Way Miami FL,AA:BB:CC:DD:EE:9E,Popeyes_1
1 Bojangles Way Charlotte NC,AA:BB:CC:DD:EE:9F,Bojangles_1
1 Zaxbys Way Athens GA,AA:BB:CC:DD:EE:A0,Zaxbys_1
1 Raising Canes Way Baton Rouge LA,AA:BB:CC:DD:EE:A1,RaisingCanes_1
1 Wingstop Way Dallas TX,AA:BB:CC:DD:EE:A2,Wingstop_1
1 Buffalo Wild Wings Way Minneapolis MN,AA:BB:CC:DD:EE:A3,BWW_1
1 Hooters Way Clearwater FL,AA:BB:CC:DD:EE:A4,Hooters_1
1 Twin Peaks Way Dallas TX,AA:BB:CC:DD:EE:A5,TwinPeaks_1
1 Tilted Kilt Way Tempe AZ,AA:BB:CC:DD:EE:A6,TiltedKilt_1
1 Applebees Way Glendale CA,AA:BB:CC:DD:EE:A7,Applebees_1
1 Chilis Way Dallas TX,AA:BB:CC:DD:EE:A8,Chilis_1
1 TGI Fridays Way Dallas TX,AA:BB:CC:DD:EE:A9,Fridays_1
1 Olive Garden Way Orlando FL,AA:BB:CC:DD:EE:AA,OliveGarden_1
1 Red Lobster Way Orlando FL,AA:BB:CC:DD:EE:AB,RedLobster_1
1 Outback Way Tampa FL,AA:BB:CC:DD:EE:AC,Outback_1
1 Texas Roadhouse Way Louisville KY,AA:BB:CC:DD:EE:AD,TexasRoadhouse_1
1 LongHorn Way Orlando FL,AA:BB:CC:DD:EE:AE,LongHorn_1
1 Cracker Barrel Way Lebanon TN,AA:BB:CC:DD:EE:AF,CrackerBarrel_1
1 Bob Evans Way Columbus OH,AA:BB:CC:DD:EE:B0,BobEvans_1
1 Dennys Way Spartanburg SC,AA:BB:CC:DD:EE:B1,Dennys_1
1 IHOP Way Glendale CA,AA:BB:CC:DD:EE:B2,IHOP_1
1 Waffle House Way Norcross GA,AA:BB:CC:DD:EE:B3,WaffleHouse_1
1 Perkins Way Memphis TN,AA:BB:CC:DD:EE:B4,Perkins_1
1 Village Inn Way Denver CO,AA:BB:CC:DD:EE:B5,VillageInn_1
1 Shoneys Way Nashville TN,AA:BB:CC:DD:EE:B6,Shoneys_1
1 Golden Corral Way Raleigh NC,AA:BB:CC:DD:EE:B7,GoldenCorral_1
1 Ryans Way Greer SC,AA:BB:CC:DD:EE:B8,Ryans_1
1 Hometown Buffet Way San Diego CA,AA:BB:CC:DD:EE:B9,Hometown_1
1 Sizzler Way Mission Viejo CA,AA:BB:CC:DD:EE:BA,Sizzler_1
1 Ponderosa Way Dayton OH,AA:BB:CC:DD:EE:BB,Ponderosa_1
1 Bonanza Way Dallas TX,AA:BB:CC:DD:EE:BC,Bonanza_1
1 Lubys Way Houston TX,AA:BB:CC:DD:EE:BD,Lubys_1
1 Furrs Way Albuquerque NM,AA:BB:CC:DD:EE:BE,Furrs_1
1 Piccadilly Way Baton Rouge LA,AA:BB:CC:DD:EE:BF,Piccadilly_1
1 K&W Way Winston-Salem NC,AA:BB:CC:DD:EE:C0,KW_1
1 Morrisons Way Mobile AL,AA:BB:CC:DD:EE:C1,Morrisons_1
1 MCL Way Indianapolis IN,AA:BB:CC:DD:EE:C2,MCL_1
1 Souplantation Way San Diego CA,AA:BB:CC:DD:EE:C3,Souplantation_1
1 Sweet Tomatoes Way Lakewood CO,AA:BB:CC:DD:EE:C4,SweetTomatoes_1
1 Cici's Pizza Way Coppell TX,AA:BB:CC:DD:EE:C5,Cicis_1
1 Chuck E Cheese Way Irving TX,AA:BB:CC:DD:EE:C6,ChuckECheese_1
1 Dave and Busters Way Dallas TX,AA:BB:CC:DD:EE:C7,DaveAndBusters_1
1 Main Event Way Dallas TX,AA:BB:CC:DD:EE:C8,MainEvent_1
1600 Pennsylvania Avenue NW Washington DC,AA:BB:CC:DD:EE:C9,WhiteHouse_2
350 Fifth Avenue New York NY,AA:BB:CC:DD:EE:CA,Empire_2
1 Infinite Loop Cupertino CA,AA:BB:CC:DD:EE:CB,Apple_2
1 Microsoft Way Redmond WA,AA:BB:CC:DD:EE:CC,Microsoft_2
1 Hacker Way Menlo Park CA,AA:BB:CC:DD:EE:CD,Facebook_2
1901 S Bell Ave Chicago IL,AA:BB:CC:DD:EE:CE,Google_2
410 Terry Ave N Seattle WA,AA:BB:CC:DD:EE:CF,Amazon_2
1 Tesla Road Austin TX,AA:BB:CC:DD:EE:D0,Tesla_2
1 Apple Park Way Cupertino CA,AA:BB:CC:DD:EE:D1,ApplePark_2
500 Oracle Parkway Redwood City CA,AA:BB:CC:DD:EE:D2,Oracle_2
100 Oracle Parkway Redwood City CA,AA:BB:CC:DD:EE:D3,Oracle2_2
200 Oracle Parkway Redwood City CA,AA:BB:CC:DD:EE:D4,Oracle3_2
300 Oracle Parkway Redwood City CA,AA:BB:CC:DD:EE:D5,Oracle4_2
400 Oracle Parkway Redwood City CA,AA:BB:CC:DD:EE:D6,Oracle5_2
600 Oracle Parkway Redwood City CA,AA:BB:CC:DD:EE:D7,Oracle6_2
700 Oracle Parkway Redwood City CA,AA:BB:CC:DD:EE:D8,Oracle7_2
800 Oracle Parkway Redwood City CA,AA:BB:CC:DD:EE:D9,Oracle8_2
900 Oracle Parkway Redwood City CA,AA:BB:CC:DD:EE:DA,Oracle9_2
1000 Oracle Parkway Redwood City CA,AA:BB:CC:DD:EE:DB,Oracle10_2
1 CNN Center Atlanta GA,AA:BB:CC:DD:EE:DC,CNN_2
30 Rockefeller Plaza New York NY,AA:BB:CC:DD:EE:DD,NBC_2
77 W 66th St New York NY,AA:BB:CC:DD:EE:DE,ABC_2
51 W 52nd St New York NY,AA:BB:CC:DD:EE:DF,CBS_2
1211 Avenue of the Americas New York NY,AA:BB:CC:DD:EE:E0,Fox_2
1 Time Warner Center New York NY,AA:BB:CC:DD:EE:E1,TimeWarner_2
1 AT&T Plaza Dallas TX,AA:BB:CC:DD:EE:E2,ATT_2
1095 Avenue of the Americas New York NY,AA:BB:CC:DD:EE:E3,Verizon_2
600 New Jersey Ave NW Washington DC,AA:BB:CC:DD:EE:E4,Sprint_2
6200 Sprint Pkwy Overland Park KS,AA:BB:CC:DD:EE:E5,SprintHQ_2
1 Coca Cola Plaza Atlanta GA,AA:BB:CC:DD:EE:E6,CocaCola_2
1 Pepsi Way Purchase NY,AA:BB:CC:DD:EE:E7,Pepsi_2
1 Dr Pepper Way Plano TX,AA:BB:CC:DD:EE:E8,DrPepper_2
1 Monster Way Corona CA,AA:BB:CC:DD:EE:E9,Monster_2
1 Red Bull Way Santa Monica CA,AA:BB:CC:DD:EE:EA,RedBull_2
1 Starbucks Way Seattle WA,AA:BB:CC:DD:EE:EB,Starbucks_2
1 Dunkin Way Canton MA,AA:BB:CC:DD:EE:EC,Dunkin_2
1 McDonalds Plaza Oak Brook IL,AA:BB:CC:DD:EE:ED,McDonalds_2
1 Burger King Way Miami FL,AA:BB:CC:DD:EE:EE,BurgerKing_2
1 Wendys Way Dublin OH,AA:BB:CC:DD:EE:EF,Wendys_2
1 Taco Bell Way Irvine CA,AA:BB:CC:DD:EE:F0,TacoBell_2
1 KFC Way Louisville KY,AA:BB:CC:DD:EE:F1,KFC_2
1 Pizza Hut Way Plano TX,AA:BB:CC:DD:EE:F2,PizzaHut_2
1 Dominos Way Ann Arbor MI,AA:BB:CC:DD:EE:F3,Dominos_2
1 Papa Johns Way Louisville KY,AA:BB:CC:DD:EE:F4,PapaJohns_2
1 Subway Way Milford CT,AA:BB:CC:DD:EE:F5,Subway_2
1 Chipotle Way Newport Beach CA,AA:BB:CC:DD:EE:F6,Chipotle_2
1 Panera Way St Louis MO,AA:BB:CC:DD:EE:F7,Panera_2
1 Chick-fil-A Way Atlanta GA,AA:BB:CC:DD:EE:F8,ChickfilA_2
1 In-N-Out Way Irvine CA,AA:BB:CC:DD:EE:F9,InNOut_2
1 Five Guys Way Lorton VA,AA:BB:CC:DD:EE:FA,FiveGuys_2
1 Shake Shack Way New York NY,AA:BB:CC:DD:EE:FB,ShakeShack_2
1 White Castle Way Columbus OH,AA:BB:CC:DD:EE:FC,WhiteCastle_2
1 Sonic Way Oklahoma City OK,AA:BB:CC:DD:EE:FD,Sonic_2
1 Arbys Way Atlanta GA,AA:BB:CC:DD:EE:FE,Arbys_2
1 Jack in the Box Way San Diego CA,AA:BB:CC:DD:EE:FF,JackBox_2
1 Carl's Jr Way Anaheim CA,AA:BB:CC:DD:EE:00,CarlsJr_2
1 Hardees Way Rocky Mount NC,AA:BB:CC:DD:EE:01,Hardees_2
1 Popeyes Way Miami FL,AA:BB:CC:DD:EE:02,Popeyes_2
1 Bojangles Way Charlotte NC,AA:BB:CC:DD:EE:03,Bojangles_2
1 Zaxbys Way Athens GA,AA:BB:CC:DD:EE:04,Zaxbys_2
1 Raising Canes Way Baton Rouge LA,AA:BB:CC:DD:EE:05,RaisingCanes_2
1 Wingstop Way Dallas TX,AA:BB:CC:DD:EE:06,Wingstop_2
1 Buffalo Wild Wings Way Minneapolis MN,AA:BB:CC:DD:EE:07,BWW_2
1 Hooters Way Clearwater FL,AA:BB:CC:DD:EE:08,Hooters_2
1 Twin Peaks Way Dallas TX,AA:BB:CC:DD:EE:09,TwinPeaks_2
1 Tilted Kilt Way Tempe AZ,AA:BB:CC:DD:EE:0A,TiltedKilt_2
1 Applebees Way Glendale CA,AA:BB:CC:DD:EE:0B,Applebees_2
1 Chilis Way Dallas TX,AA:BB:CC:DD:EE:0C,Chilis_2
1 TGI Fridays Way Dallas TX,AA:BB:CC:DD:EE:0D,Fridays_2
1 Olive Garden Way Orlando FL,AA:BB:CC:DD:EE:0E,OliveGarden_2
1 Red Lobster Way Orlando FL,AA:BB:CC:DD:EE:0F,RedLobster_2
1 Outback Way Tampa FL,AA:BB:CC:DD:EE:10,Outback_2
1 Texas Roadhouse Way Louisville KY,AA:BB:CC:DD:EE:11,TexasRoadhouse_2
1 LongHorn Way Orlando FL,AA:BB:CC:DD:EE:12,LongHorn_2
1 Cracker Barrel Way Lebanon TN,AA:BB:CC:DD:EE:13,CrackerBarrel_2
1 Bob Evans Way Columbus OH,AA:BB:CC:DD:EE:14,BobEvans_2
1 Dennys Way Spartanburg SC,AA:BB:CC:DD:EE:15,Dennys_2
1 IHOP Way Glendale CA,AA:BB:CC:DD:EE:16,IHOP_2
1 Waffle House Way Norcross GA,AA:BB:CC:DD:EE:17,WaffleHouse_2
1 Perkins Way Memphis TN,AA:BB:CC:DD:EE:18,Perkins_2
1 Village Inn Way Denver CO,AA:BB:CC:DD:EE:19,VillageInn_2
1 Shoneys Way Nashville TN,AA:BB:CC:DD:EE:1A,Shoneys_2
1 Golden Corral Way Raleigh NC,AA:BB:CC:DD:EE:1B,GoldenCorral_2
1 Ryans Way Greer SC,AA:BB:CC:DD:EE:1C,Ryans_2
1 Hometown Buffet Way San Diego CA,AA:BB:CC:DD:EE:1D,Hometown_2
1 Sizzler Way Mission Viejo CA,AA:BB:CC:DD:EE:1E,Sizzler_2
1 Ponderosa Way Dayton OH,AA:BB:CC:DD:EE:1F,Ponderosa_2
1 Bonanza Way Dallas TX,AA:BB:CC:DD:EE:20,Bonanza_2
1 Lubys Way Houston TX,AA:BB:CC:DD:EE:21,Lubys_2
1 Furrs Way Albuquerque NM,AA:BB:CC:DD:EE:22,Furrs_2
1 Piccadilly Way Baton Rouge LA,AA:BB:CC:DD:EE:23,Piccadilly_2
1 K&W Way Winston-Salem NC,AA:BB:CC:DD:EE:24,KW_2
1 Morrisons Way Mobile AL,AA:BB:CC:DD:EE:25,Morrisons_2
1 MCL Way Indianapolis IN,AA:BB:CC:DD:EE:26,MCL_2
1 Souplantation Way San Diego CA,AA:BB:CC:DD:EE:27,Souplantation_2
1 Sweet Tomatoes Way Lakewood CO,AA:BB:CC:DD:EE:28,SweetTomatoes_2
1 Cici's Pizza Way Coppell TX,AA:BB:CC:DD:EE:29,Cicis_2
1 Chuck E Cheese Way Irving TX,AA:BB:CC:DD:EE:2A,ChuckECheese_2
1 Dave and Busters Way Dallas TX,AA:BB:CC:DD:EE:2B,DaveAndBusters_2
1 Main Event Way Dallas TX,AA:BB:CC:DD:EE:2C,MainEvent_2
1600 Pennsylvania Avenue NW Washington DC,AA:BB:CC:DD:EE:2D,WhiteHouse_3
350 Fifth Avenue New York NY,AA:BB:CC:DD:EE:2E,Empire_3
1 Infinite Loop Cupertino CA,AA:BB:CC:DD:EE:2F,Apple_3
1 Microsoft Way Redmond WA,AA:BB:CC:DD:EE:30,Microsoft_3
1 Hacker Way Menlo Park CA,AA:BB:CC:DD:EE:31,Facebook_3
1901 S Bell Ave Chicago IL,AA:BB:CC:DD:EE:32,Google_3
410 Terry Ave N Seattle WA,AA:BB:CC:DD:EE:33,Amazon_3
1 Tesla Road Austin TX,AA:BB:CC:DD:EE:34,Tesla_3
1 Apple Park Way Cupertino CA,AA:BB:CC:DD:EE:35,ApplePark_3
500 Oracle Parkway Redwood City CA,AA:BB:CC:DD:EE:36,Oracle_3
100 Oracle Parkway Redwood City CA,AA:BB:CC:DD:EE:37,Oracle2_3
200 Oracle Parkway Redwood City CA,AA:BB:CC:DD:EE:38,Oracle3_3
300 Oracle Parkway Redwood City CA,AA:BB:CC:DD:EE:39,Oracle4_3
400 Oracle Parkway Redwood City CA,AA:BB:CC:DD:EE:3A,Oracle5_3
600 Oracle Parkway Redwood City CA,AA:BB:CC:DD:EE:3B,Oracle6_3
700 Oracle Parkway Redwood City CA,AA:BB:CC:DD:EE:3C,Oracle7_3
800 Oracle Parkway Redwood City CA,AA:BB:CC:DD:EE:3D,Oracle8_3
900 Oracle Parkway Redwood City CA,AA:BB:CC:DD:EE:3E,Oracle9_3
1000 Oracle Parkway Redwood City CA,AA:BB:CC:DD:EE:3F,Oracle10_3
1 CNN Center Atlanta GA,AA:BB:CC:DD:EE:40,CNN_3
30 Rockefeller Plaza New York NY,AA:BB:CC:DD:EE:41,NBC_3
77 W 66th St New York NY,AA:BB:CC:DD:EE:42,ABC_3
51 W 52nd St New York NY,AA:BB:CC:DD:EE:43,CBS_3
1211 Avenue of the Americas New York NY,AA:BB:CC:DD:EE:44,Fox_3
1 Time Warner Center New York NY,AA:BB:CC:DD:EE:45,TimeWarner_3
1 AT&T Plaza Dallas TX,AA:BB:CC:DD:EE:46,ATT_3
1095 Avenue of the Americas New York NY,AA:BB:CC:DD:EE:47,Verizon_3
600 New Jersey Ave NW Washington DC,AA:BB:CC:DD:EE:48,Sprint_3
6200 Sprint Pkwy Overland Park KS,AA:BB:CC:DD:EE:49,SprintHQ_3
1 Coca Cola Plaza Atlanta GA,AA:BB:CC:DD:EE:4A,CocaCola_3
1 Pepsi Way Purchase NY,AA:BB:CC:DD:EE:4B,Pepsi_3
1 Dr Pepper Way Plano TX,AA:BB:CC:DD:EE:4C,DrPepper_3
1 Monster Way Corona CA,AA:BB:CC:DD:EE:4D,Monster_3
1 Red Bull Way Santa Monica CA,AA:BB:CC:DD:EE:4E,RedBull_3
1 Starbucks Way Seattle WA,AA:BB:CC:DD:EE:4F,Starbucks_3
1 Dunkin Way Canton MA,AA:BB:CC:DD:EE:50,Dunkin_3
1 McDonalds Plaza Oak Brook IL,AA:BB:CC:DD:EE:51,McDonalds_3
1 Burger King Way Miami FL,AA:BB:CC:DD:EE:52,BurgerKing_3
1 Wendys Way Dublin OH,AA:BB:CC:DD:EE:53,Wendys_3
1 Taco Bell Way Irvine CA,AA:BB:CC:DD:EE:54,TacoBell_3
1 KFC Way Louisville KY,AA:BB:CC:DD:EE:55,KFC_3
1 Pizza Hut Way Plano TX,AA:BB:CC:DD:EE:56,PizzaHut_3
1 Dominos Way Ann Arbor MI,AA:BB:CC:DD:EE:57,Dominos_3
1 Papa Johns Way Louisville KY,AA:BB:CC:DD:EE:58,PapaJohns_3
1 Subway Way Milford CT,AA:BB:CC:DD:EE:59,Subway_3
1 Chipotle Way Newport Beach CA,AA:BB:CC:DD:EE:5A,Chipotle_3
1 Panera Way St Louis MO,AA:BB:CC:DD:EE:5B,Panera_3
1 Chick-fil-A Way Atlanta GA,AA:BB:CC:DD:EE:5C,ChickfilA_3
1 In-N-Out Way Irvine CA,AA:BB:CC:DD:EE:5D,InNOut_3
1 Five Guys Way Lorton VA,AA:BB:CC:DD:EE:5E,FiveGuys_3
1 Shake Shack Way New York NY,AA:BB:CC:DD:EE:5F,ShakeShack_3
1 White Castle Way Columbus OH,AA:BB:CC:DD:EE:60,WhiteCastle_3
1 Sonic Way Oklahoma City OK,AA:BB:CC:DD:EE:61,Sonic_3
1 Arbys Way Atlanta GA,AA:BB:CC:DD:EE:62,Arbys_3
1 Jack in the Box Way San Diego CA,AA:BB:CC:DD:EE:63,JackBox_3
1 Carl's Jr Way Anaheim CA,AA:BB:CC:DD:EE:64,CarlsJr_3
1 Hardees Way Rocky Mount NC,AA:BB:CC:DD:EE:65,Hardees_3
1 Popeyes Way Miami FL,AA:BB:CC:DD:EE:66,Popeyes_3
1 Bojangles Way Charlotte NC,AA:BB:CC:DD:EE:67,Bojangles_3
1 Zaxbys Way Athens GA,AA:BB:CC:DD:EE:68,Zaxbys_3
1 Raising Canes Way Baton Rouge LA,AA:BB:CC:DD:EE:69,RaisingCanes_3
1 Wingstop Way Dallas TX,AA:BB:CC:DD:EE:6A,Wingstop_3
1 Buffalo Wild Wings Way Minneapolis MN,AA:BB:CC:DD:EE:6B,BWW_3
1 Hooters Way Clearwater FL,AA:BB:CC:DD:EE:6C,Hooters_3
1 Twin Peaks Way Dallas TX,AA:BB:CC:DD:EE:6D,TwinPeaks_3
1 Tilted Kilt Way Tempe AZ,AA:BB:CC:DD:EE:6E,TiltedKilt_3
1 Applebees Way Glendale CA,AA:BB:CC:DD:EE:6F,Applebees_3
1 Chilis Way Dallas TX,AA:BB:CC:DD:EE:70,Chilis_3
1 TGI Fridays Way Dallas TX,AA:BB:CC:DD:EE:71,Fridays_3
1 Olive Garden Way Orlando FL,AA:BB:CC:DD:EE:72,OliveGarden_3
1 Red Lobster Way Orlando FL,AA:BB:CC:DD:EE:73,RedLobster_3
1 Outback Way Tampa FL,AA:BB:CC:DD:EE:74,Outback_3
1 Texas Roadhouse Way Louisville KY,AA:BB:CC:DD:EE:75,TexasRoadhouse_3
1 LongHorn Way Orlando FL,AA:BB:CC:DD:EE:76,LongHorn_3
1 Cracker Barrel Way Lebanon TN,AA:BB:CC:DD:EE:77,CrackerBarrel_3
1 Bob Evans Way Columbus OH,AA:BB:CC:DD:EE:78,BobEvans_3
1 Dennys Way Spartanburg SC,AA:BB:CC:DD:EE:79,Dennys_3
1 IHOP Way Glendale CA,AA:BB:CC:DD:EE:7A,IHOP_3
1 Waffle House Way Norcross GA,AA:BB:CC:DD:EE:7B,WaffleHouse_3
1 Perkins Way Memphis TN,AA:BB:CC:DD:EE:7C,Perkins_3
1 Village Inn Way Denver CO,AA:BB:CC:DD:EE:7D,VillageInn_3
1 Shoneys Way Nashville TN,AA:BB:CC:DD:EE:7E,Shoneys_3
1 Golden Corral Way Raleigh NC,AA:BB:CC:DD:EE:7F,GoldenCorral_3
1 Ryans Way Greer SC,AA:BB:CC:DD:EE:80,Ryans_3
1 Hometown Buffet Way San Diego CA,AA:BB:CC:DD:EE:81,Hometown_3
1 Sizzler Way Mission Viejo CA,AA:BB:CC:DD:EE:82,Sizzler_3
1 Ponderosa Way Dayton OH,AA:BB:CC:DD:EE:83,Ponderosa_3
1 Bonanza Way Dallas TX,AA:BB:CC:DD:EE:84,Bonanza_3
1 Lubys Way Houston TX,AA:BB:CC:DD:EE:85,Lubys_3
1 Furrs Way Albuquerque NM,AA:BB:CC:DD:EE:86,Furrs_3
1 Piccadilly Way Baton Rouge LA,AA:BB:CC:DD:EE:87,Piccadilly_3
1 K&W Way Winston-Salem NC,AA:BB:CC:DD:EE:88,KW_3
1 Morrisons Way Mobile AL,AA:BB:CC:DD:EE:89,Morrisons_3
1 MCL Way Indianapolis IN,AA:BB:CC:DD:EE:8A,MCL_3
1 Souplantation Way San Diego CA,AA:BB:CC:DD:EE:8B,Souplantation_3
1 Sweet Tomatoes Way Lakewood CO,AA:BB:CC:DD:EE:8C,SweetTomatoes_3
1 Cici's Pizza Way Coppell TX,AA:BB:CC:DD:EE:8D,Cicis_3
1 Chuck E Cheese Way Irving TX,AA:BB:CC:DD:EE:8E,ChuckECheese_3
1 Dave and Busters Way Dallas TX,AA:BB:CC:DD:EE:8F,DaveAndBusters_3
1 Main Event Way Dallas TX,AA:BB:CC:DD:EE:90,MainEvent_3
1600 Pennsylvania Avenue NW Washington DC,AA:BB:CC:DD:EE:91,WhiteHouse_4
350 Fifth Avenue New York NY,AA:BB:CC:DD:EE:92,Empire_4
1 Infinite Loop Cupertino CA,AA:BB:CC:DD:EE:93,Apple_4
1 Microsoft Way Redmond WA,AA:BB:CC:DD:EE:94,Microsoft_4
1 Hacker Way Menlo Park CA,AA:BB:CC:DD:EE:95,Facebook_4
1901 S Bell Ave Chicago IL,AA:BB:CC:DD:EE:96,Google_4
410 Terry Ave N Seattle WA,AA:BB:CC:DD:EE:97,Amazon_4
1 Tesla Road Austin TX,AA:BB:CC:DD:EE:98,Tesla_4
1 Apple Park Way Cupertino CA,AA:BB:CC:DD:EE:99,ApplePark_4
500 Oracle Parkway Redwood City CA,AA:BB:CC:DD:EE:9A,Oracle_4
100 Oracle Parkway Redwood City CA,AA:BB:CC:DD:EE:9B,Oracle2_4
200 Oracle Parkway Redwood City CA,AA:BB:CC:DD:EE:9C,Oracle3_4
300 Oracle Parkway Redwood City CA,AA:BB:CC:DD:EE:9D,Oracle4_4
400 Oracle Parkway Redwood City CA,AA:BB:CC:DD:EE:9E,Oracle5_4
600 Oracle Parkway Redwood City CA,AA:BB:CC:DD:EE:9F,Oracle6_4
700 Oracle Parkway Redwood City CA,AA:BB:CC:DD:EE:A0,Oracle7_4
800 Oracle Parkway Redwood City CA,AA:BB:CC:DD:EE:A1,Oracle8_4
900 Oracle Parkway Redwood City CA,AA:BB:CC:DD:EE:A2,Oracle9_4
1000 Oracle Parkway Redwood City CA,AA:BB:CC:DD:EE:A3,Oracle10_4
1 CNN Center Atlanta GA,AA:BB:CC:DD:EE:A4,CNN_4
30 Rockefeller Plaza New York NY,AA:BB:CC:DD:EE:A5,NBC_4
77 W 66th St New York NY,AA:BB:CC:DD:EE:A6,ABC_4
51 W 52nd St New York NY,AA:BB:CC:DD:EE:A7,CBS_4
1211 Avenue of the Americas New York NY,AA:BB:CC:DD:EE:A8,Fox_4
1 Time Warner Center New York NY,AA:BB:CC:DD:EE:A9,TimeWarner_4
1 AT&T Plaza Dallas TX,AA:BB:CC:DD:EE:AA,ATT_4
1095 Avenue of the Americas New York NY,AA:BB:CC:DD:EE:AB,Verizon_4
600 New Jersey Ave NW Washington DC,AA:BB:CC:DD:EE:AC,Sprint_4
6200 Sprint Pkwy Overland Park KS,AA:BB:CC:DD:EE:AD,SprintHQ_4
1 Coca Cola Plaza Atlanta GA,AA:BB:CC:DD:EE:AE,CocaCola_4
1 Pepsi Way Purchase NY,AA:BB:CC:DD:EE:AF,Pepsi_4
1 Dr Pepper Way Plano TX,AA:BB:CC:DD:EE:B0,DrPepper_4
1 Monster Way Corona CA,AA:BB:CC:DD:EE:B1,Monster_4
1 Red Bull Way Santa Monica CA,AA:BB:CC:DD:EE:B2,RedBull_4
1 Starbucks Way Seattle WA,AA:BB:CC:DD:EE:B3,Starbucks_4
1 Dunkin Way Canton MA,AA:BB:CC:DD:EE:B4,Dunkin_4
1 McDonalds Plaza Oak Brook IL,AA:BB:CC:DD:EE:B5,McDonalds_4
1 Burger King Way Miami FL,AA:BB:CC:DD:EE:B6,BurgerKing_4
1 Wendys Way Dublin OH,AA:BB:CC:DD:EE:B7,Wendys_4
1 Taco Bell Way Irvine CA,AA:BB:CC:DD:EE:B8,TacoBell_4
1 KFC Way Louisville KY,AA:BB:CC:DD:EE:B9,KFC_4
1 Pizza Hut Way Plano TX,AA:BB:CC:DD:EE:BA,PizzaHut_4
1 Dominos Way Ann Arbor MI,AA:BB:CC:DD:EE:BB,Dominos_4
1 Papa Johns Way Louisville KY,AA:BB:CC:DD:EE:BC,PapaJohns_4
1 Subway Way Milford CT,AA:BB:CC:DD:EE:BD,Subway_4
1 Chipotle Way Newport Beach CA,AA:BB:CC:DD:EE:BE,Chipotle_4
1 Panera Way St Louis MO,AA:BB:CC:DD:EE:BF,Panera_4
1 Chick-fil-A Way Atlanta GA,AA:BB:CC:DD:EE:C0,ChickfilA_4
1 In-N-Out Way Irvine CA,AA:BB:CC:DD:EE:C1,InNOut_4
1 Five Guys Way Lorton VA,AA:BB:CC:DD:EE:C2,FiveGuys_4
1 Shake Shack Way New York NY,AA:BB:CC:DD:EE:C3,ShakeShack_4
1 White Castle Way Columbus OH,AA:BB:CC:DD:EE:C4,WhiteCastle_4
1 Sonic Way Oklahoma City OK,AA:BB:CC:DD:EE:C5,Sonic_4
1 Arbys Way Atlanta GA,AA:BB:CC:DD:EE:C6,Arbys_4
1 Jack in the Box Way San Diego CA,AA:BB:CC:DD:EE:C7,JackBox_4
1 Carl's Jr Way Anaheim CA,AA:BB:CC:DD:EE:C8,CarlsJr_4
1 Hardees Way Rocky Mount NC,AA:BB:CC:DD:EE:C9,Hardees_4
1 Popeyes Way Miami FL,AA:BB:CC:DD:EE:CA,Popeyes_4
1 Bojangles Way Charlotte NC,AA:BB:CC:DD:EE:CB,Bojangles_4
1 Zaxbys Way Athens GA,AA:BB:CC:DD:EE:CC,Zaxbys_4
1 Raising Canes Way Baton Rouge LA,AA:BB:CC:DD:EE:CD,RaisingCanes_4
1 Wingstop Way Dallas TX,AA:BB:CC:DD:EE:CE,Wingstop_4
1 Buffalo Wild Wings Way Minneapolis MN,AA:BB:CC:DD:EE:CF,BWW_4
1 Hooters Way Clearwater FL,AA:BB:CC:DD:EE:D0,Hooters_4
1 Twin Peaks Way Dallas TX,AA:BB:CC:DD:EE:D1,TwinPeaks_4
1 Tilted Kilt Way Tempe AZ,AA:BB:CC:DD:EE:D2,TiltedKilt_4
1 Applebees Way Glendale CA,AA:BB:CC:DD:EE:D3,Applebees_4
1 Chilis Way Dallas TX,AA:BB:CC:DD:EE:D4,Chilis_4
1 TGI Fridays Way Dallas TX,AA:BB:CC:DD:EE:D5,Fridays_4
1 Olive Garden Way Orlando FL,AA:BB:CC:DD:EE:D6,OliveGarden_4
1 Red Lobster Way Orlando FL,AA:BB:CC:DD:EE:D7,RedLobster_4
1 Outback Way Tampa FL,AA:BB:CC:DD:EE:D8,Outback_4
1 Texas Roadhouse Way Louisville KY,AA:BB:CC:DD:EE:D9,TexasRoadhouse_4
1 LongHorn Way Orlando FL,AA:BB:CC:DD:EE:DA,LongHorn_4
1 Cracker Barrel Way Lebanon TN,AA:BB:CC:DD:EE:DB,CrackerBarrel_4
1 Bob Evans Way Columbus OH,AA:BB:CC:DD:EE:DC,BobEvans_4
1 Dennys Way Spartanburg SC,AA:BB:CC:DD:EE:DD,Dennys_4
1 IHOP Way Glendale CA,AA:BB:CC:DD:EE:DE,IHOP_4
1 Waffle House Way Norcross GA,AA:BB:CC:DD:EE:DF,WaffleHouse_4
1 Perkins Way Memphis TN,AA:BB:CC:DD:EE:E0,Perkins_4
1 Village Inn Way Denver CO,AA:BB:CC:DD:EE:E1,VillageInn_4
1 Shoneys Way Nashville TN,AA:BB:CC:DD:EE:E2,Shoneys_4
1 Golden Corral Way Raleigh NC,AA:BB:CC:DD:EE:E3,GoldenCorral_4
1 Ryans Way Greer SC,AA:BB:CC:DD:EE:E4,Ryans_4
1 Hometown Buffet Way San Diego CA,AA:BB:CC:DD:EE:E5,Hometown_4
1 Sizzler Way Mission Viejo CA,AA:BB:CC:DD:EE:E6,Sizzler_4
1 Ponderosa Way Dayton OH,AA:BB:CC:DD:EE:E7,Ponderosa_4
1 Bonanza Way Dallas TX,AA:BB:CC:DD:EE:E8,Bonanza_4
1 Lubys Way Houston TX,AA:BB:CC:DD:EE:E9,Lubys_4
1 Furrs Way Albuquerque NM,AA:BB:CC:DD:EE:EA,Furrs_4
1 Piccadilly Way Baton Rouge LA,AA:BB:CC:DD:EE:EB,Piccadilly_4
1 K&W Way Winston-Salem NC,AA:BB:CC:DD:EE:EC,KW_4
1 Morrisons Way Mobile AL,AA:BB:CC:DD:EE:ED,Morrisons_4
1 MCL Way Indianapolis IN,AA:BB:CC:DD:EE:EE,MCL_4
1 Souplantation Way San Diego CA,AA:BB:CC:DD:EE:EF,Souplantation_4
1 Sweet Tomatoes Way Lakewood CO,AA:BB:CC:DD:EE:F0,SweetTomatoes_4
1 Cici's Pizza Way Coppell TX,AA:BB:CC:DD:EE:F1,Cicis_4
1 Chuck E Cheese Way Irving TX,AA:BB:CC:DD:EE:F2,ChuckECheese_4
1 Dave and Busters Way Dallas TX,AA:BB:CC:DD:EE:F3,DaveAndBusters_4
1 Main Event Way Dallas TX,AA:BB:CC:DD:EE:F4,MainEvent_4
1600 Pennsylvania Avenue NW Washington DC,AA:BB:CC:DD:EE:F5,WhiteHouse_5
350 Fifth Avenue New York NY,AA:BB:CC:DD:EE:F6,Empire_5
1 Infinite Loop Cupertino CA,AA:BB:CC:DD:EE:F7,Apple_5
1 Microsoft Way Redmond WA,AA:BB:CC:DD:EE:F8,Microsoft_5
1 Hacker Way Menlo Park CA,AA:BB:CC:DD:EE:F9,Facebook_5
1901 S Bell Ave Chicago IL,AA:BB:CC:DD:EE:FA,Google_5
410 Terry Ave N Seattle WA,AA:BB:CC:DD:EE:FB,Amazon_5
1 Tesla Road Austin TX,AA:BB:CC:DD:EE:FC,Tesla_5
1 Apple Park Way Cupertino CA,AA:BB:CC:DD:EE:FD,ApplePark_5
500 Oracle Parkway Redwood City CA,AA:BB:CC:DD:EE:FE,Oracle_5
100 Oracle Parkway Redwood City CA,AA:BB:CC:DD:EE:FF,Oracle2_5
200 Oracle Parkway Redwood City CA,AA:BB:CC:DD:EE:00,Oracle3_5
300 Oracle Parkway Redwood City CA,AA:BB:CC:DD:EE:01,Oracle4_5
400 Oracle Parkway Redwood City CA,AA:BB:CC:DD:EE:02,Oracle5_5
600 Oracle Parkway Redwood City CA,AA:BB:CC:DD:EE:03,Oracle6_5
700 Oracle Parkway Redwood City CA,AA:BB:CC:DD:EE:04,Oracle7_5
800 Oracle Parkway Redwood City CA,AA:BB:CC:DD:EE:05,Oracle8_5
900 Oracle Parkway Redwood City CA,AA:BB:CC:DD:EE:06,Oracle9_5
1000 Oracle Parkway Redwood City CA,AA:BB:CC:DD:EE:07,Oracle10_5
1 CNN Center Atlanta GA,AA:BB:CC:DD:EE:08,CNN_5
30 Rockefeller Plaza New York NY,AA:BB:CC:DD:EE:09,NBC_5
77 W 66th St New York NY,AA:BB:CC:DD:EE:0A,ABC_5
51 W 52nd St New York NY,AA:BB:CC:DD:EE:0B,CBS_5
1211 Avenue of the Americas New York NY,AA:BB:CC:DD:EE:0C,Fox_5
1 Time Warner Center New York NY,AA:BB:CC:DD:EE:0D,TimeWarner_5
1 AT&T Plaza Dallas TX,AA:BB:CC:DD:EE:0E,ATT_5
1095 Avenue of the Americas New York NY,AA:BB:CC:DD:EE:0F,Verizon_5
600 New Jersey Ave NW Washington DC,AA:BB:CC:DD:EE:10,Sprint_5
6200 Sprint Pkwy Overland Park KS,AA:BB:CC:DD:EE:11,SprintHQ_5
1 Coca Cola Plaza Atlanta GA,AA:BB:CC:DD:EE:12,CocaCola_5
1 Pepsi Way Purchase NY,AA:BB:CC:DD:EE:13,Pepsi_5
1 Dr Pepper Way Plano TX,AA:BB:CC:DD:EE:14,DrPepper_5
1 Monster Way Corona CA,AA:BB:CC:DD:EE:15,Monster_5
1 Red Bull Way Santa Monica CA,AA:BB:CC:DD:EE:16,RedBull_5
1 Starbucks Way Seattle WA,AA:BB:CC:DD:EE:17,Starbucks_5
1 Dunkin Way Canton MA,AA:BB:CC:DD:EE:18,Dunkin_5
1 McDonalds Plaza Oak Brook IL,AA:BB:CC:DD:EE:19,McDonalds_5
1 Burger King Way Miami FL,AA:BB:CC:DD:EE:1A,BurgerKing_5
1 Wendys Way Dublin OH,AA:BB:CC:DD:EE:1B,Wendys_5
1 Taco Bell Way Irvine CA,AA:BB:CC:DD:EE:1C,TacoBell_5
1 KFC Way Louisville KY,AA:BB:CC:DD:EE:1D,KFC_5
1 Pizza Hut Way Plano TX,AA:BB:CC:DD:EE:1E,PizzaHut_5
1 Dominos Way Ann Arbor MI,AA:BB:CC:DD:EE:1F,Dominos_5
1 Papa Johns Way Louisville KY,AA:BB:CC:DD:EE:20,PapaJohns_5
1 Subway Way Milford CT,AA:BB:CC:DD:EE:21,Subway_5
1 Chipotle Way Newport Beach CA,AA:BB:CC:DD:EE:22,Chipotle_5
1 Panera Way St Louis MO,AA:BB:CC:DD:EE:23,Panera_5
1 Chick-fil-A Way Atlanta GA,AA:BB:CC:DD:EE:24,ChickfilA_5
1 In-N-Out Way Irvine CA,AA:BB:CC:DD:EE:25,InNOut_5
1 Five Guys Way Lorton VA,AA:BB:CC:DD:EE:26,FiveGuys_5
1 Shake Shack Way New York NY,AA:BB:CC:DD:EE:27,ShakeShack_5
1 White Castle Way Columbus OH,AA:BB:CC:DD:EE:28,WhiteCastle_5
1 Sonic Way Oklahoma City OK,AA:BB:CC:DD:EE:29,Sonic_5
1 Arbys Way Atlanta GA,AA:BB:CC:DD:EE:2A,Arbys_5
1 Jack in the Box Way San Diego CA,AA:BB:CC:DD:EE:2B,JackBox_5
1 Carl's Jr Way Anaheim CA,AA:BB:CC:DD:EE:2C,CarlsJr_5
1 Hardees Way Rocky Mount NC,AA:BB:CC:DD:EE:2D,Hardees_5
1 Popeyes Way Miami FL,AA:BB:CC:DD:EE:2E,Popeyes_5
1 Bojangles Way Charlotte NC,AA:BB:CC:DD:EE:2F,Bojangles_5
1 Zaxbys Way Athens GA,AA:BB:CC:DD:EE:30,Zaxbys_5
1 Raising Canes Way Baton Rouge LA,AA:BB:CC:DD:EE:31,RaisingCanes_5
1 Wingstop Way Dallas TX,AA:BB:CC:DD:EE:32,Wingstop_5
1 Buffalo Wild Wings Way Minneapolis MN,AA:BB:CC:DD:EE:33,BWW_5
1 Hooters Way Clearwater FL,AA:BB:CC:DD:EE:34,Hooters_5
1 Twin Peaks Way Dallas TX,AA:BB:CC:DD:EE:35,TwinPeaks_5
1 Tilted Kilt Way Tempe AZ,AA:BB:CC:DD:EE:36,TiltedKilt_5
1 Applebees Way Glendale CA,AA:BB:CC:DD:EE:37,Applebees_5
1 Chilis Way Dallas TX,AA:BB:CC:DD:EE:38,Chilis_5
1 TGI Fridays Way Dallas TX,AA:BB:CC:DD:EE:39,Fridays_5
1 Olive Garden Way Orlando FL,AA:BB:CC:DD:EE:3A,OliveGarden_5
1 Red Lobster Way Orlando FL,AA:BB:CC:DD:EE:3B,RedLobster_5
1 Outback Way Tampa FL,AA:BB:CC:DD:EE:3C,Outback_5
1 Texas Roadhouse Way Louisville KY,AA:BB:CC:DD:EE:3D,TexasRoadhouse_5
1 LongHorn Way Orlando FL,AA:BB:CC:DD:EE:3E,LongHorn_5
1 Cracker Barrel Way Lebanon TN,AA:BB:CC:DD:EE:3F,CrackerBarrel_5
1 Bob Evans Way Columbus OH,AA:BB:CC:DD:EE:40,BobEvans_5
1 Dennys Way Spartanburg SC,AA:BB:CC:DD:EE:41,Dennys_5
1 IHOP Way Glendale CA,AA:BB:CC:DD:EE:42,IHOP_5
1 Waffle House Way Norcross GA,AA:BB:CC:DD:EE:43,WaffleHouse_5
1 Perkins Way Memphis TN,AA:BB:CC:DD:EE:44,Perkins_5
1 Village Inn Way Denver CO,AA:BB:CC:DD:EE:45,VillageInn_5
1 Shoneys Way Nashville TN,AA:BB:CC:DD:EE:46,Shoneys_5
1 Golden Corral Way Raleigh NC,AA:BB:CC:DD:EE:47,GoldenCorral_5
1 Ryans Way Greer SC,AA:BB:CC:DD:EE:48,Ryans_5
1 Hometown Buffet Way San Diego CA,AA:BB:CC:DD:EE:49,Hometown_5
1 Sizzler Way Mission Viejo CA,AA:BB:CC:DD:EE:4A,Sizzler_5
1 Ponderosa Way Dayton OH,AA:BB:CC:DD:EE:4B,Ponderosa_5
1 Bonanza Way Dallas TX,AA:BB:CC:DD:EE:4C,Bonanza_5
1 Lubys Way Houston TX,AA:BB:CC:DD:EE:4D,Lubys_5
1 Furrs Way Albuquerque NM,AA:BB:CC:DD:EE:4E,Furrs_5
1 Piccadilly Way Baton Rouge LA,AA:BB:CC:DD:EE:4F,Piccadilly_5
1 K&W Way Winston-Salem NC,AA:BB:CC:DD:EE:50,KW_5
1 Morrisons Way Mobile AL,AA:BB:CC:DD:EE:51,Morrisons_5
1 MCL Way Indianapolis IN,AA:BB:CC:DD:EE:52,MCL_5
1 Souplantation Way San Diego CA,AA:BB:CC:DD:EE:53,Souplantation_5
1 Sweet Tomatoes Way Lakewood CO,AA:BB:CC:DD:EE:54,SweetTomatoes_5
1 Cici's Pizza Way Coppell TX,AA:BB:CC:DD:EE:55,Cicis_5
1 Chuck E Cheese Way Irving TX,AA:BB:CC:DD:EE:56,ChuckECheese_5
1 Dave and Busters Way Dallas TX,AA:BB:CC:DD:EE:57,DaveAndBusters_5
1 Main Event Way Dallas TX,AA:BB:CC:DD:EE:58,MainEvent_5
1600 Pennsylvania Avenue NW Washington DC,AA:BB:CC:DD:EE:59,WhiteHouse_6
350 Fifth Avenue New York NY,AA:BB:CC:DD:EE:5A,Empire_6
1 Infinite Loop Cupertino CA,AA:BB:CC:DD:EE:5B,Apple_6
1 Microsoft Way Redmond WA,AA:BB:CC:DD:EE:5C,Microsoft_6
1 Hacker Way Menlo Park CA,AA:BB:CC:DD:EE:5D,Facebook_6
1901 S Bell Ave Chicago IL,AA:BB:CC:DD:EE:5E,Google_6
410 Terry Ave N Seattle WA,AA:BB:CC:DD:EE:5F,Amazon_6
1 Tesla Road Austin TX,AA:BB:CC:DD:EE:60,Tesla_6
1 Apple Park Way Cupertino CA,AA:BB:CC:DD:EE:61,ApplePark_6
500 Oracle Parkway Redwood City CA,AA:BB:CC:DD:EE:62,Oracle_6
100 Oracle Parkway Redwood City CA,AA:BB:CC:DD:EE:63,Oracle2_6
200 Oracle Parkway Redwood City CA,AA:BB:CC:DD:EE:64,Oracle3_6
300 Oracle Parkway Redwood City CA,AA:BB:CC:DD:EE:65,Oracle4_6
400 Oracle Parkway Redwood City CA,AA:BB:CC:DD:EE:66,Oracle5_6
600 Oracle Parkway Redwood City CA,AA:BB:CC:DD:EE:67,Oracle6_6
700 Oracle Parkway Redwood City CA,AA:BB:CC:DD:EE:68,Oracle7_6
800 Oracle Parkway Redwood City CA,AA:BB:CC:DD:EE:69,Oracle8_6
900 Oracle Parkway Redwood City CA,AA:BB:CC:DD:EE:6A,Oracle9_6
1000 Oracle Parkway Redwood City CA,AA:BB:CC:DD:EE:6B,Oracle10_6
1 CNN Center Atlanta GA,AA:BB:CC:DD:EE:6C,CNN_6
30 Rockefeller Plaza New York NY,AA:BB:CC:DD:EE:6D,NBC_6
77 W 66th St New York NY,AA:BB:CC:DD:EE:6E,ABC_6
51 W 52nd St New York NY,AA:BB:CC:DD:EE:6F,CBS_6
1211 Avenue of the Americas New York NY,AA:BB:CC:DD:EE:70,Fox_6
1 Time Warner Center New York NY,AA:BB:CC:DD:EE:71,TimeWarner_6
1 AT&T Plaza Dallas TX,AA:BB:CC:DD:EE:72,ATT_6
1095 Avenue of the Americas New York NY,AA:BB:CC:DD:EE:73,Verizon_6
600 New Jersey Ave NW Washington DC,AA:BB:CC:DD:EE:74,Sprint_6
6200 Sprint Pkwy Overland Park KS,AA:BB:CC:DD:EE:75,SprintHQ_6
1 Coca Cola Plaza Atlanta GA,AA:BB:CC:DD:EE:76,CocaCola_6
1 Pepsi Way Purchase NY,AA:BB:CC:DD:EE:77,Pepsi_6
1 Dr Pepper Way Plano TX,AA:BB:CC:DD:EE:78,DrPepper_6
1 Monster Way Corona CA,AA:BB:CC:DD:EE:79,Monster_6
1 Red Bull Way Santa Monica CA,AA:BB:CC:DD:EE:7A,RedBull_6
1 Starbucks Way Seattle WA,AA:BB:CC:DD:EE:7B,Starbucks_6
1 Dunkin Way Canton MA,AA:BB:CC:DD:EE:7C,Dunkin_6
1 McDonalds Plaza Oak Brook IL,AA:BB:CC:DD:EE:7D,McDonalds_6
1 Burger King Way Miami FL,AA:BB:CC:DD:EE:7E,BurgerKing_6
1 Wendys Way Dublin OH,AA:BB:CC:DD:EE:7F,Wendys_6
1 Taco Bell Way Irvine CA,AA:BB:CC:DD:EE:80,TacoBell_6
1 KFC Way Louisville KY,AA:BB:CC:DD:EE:81,KFC_6
1 Pizza Hut Way Plano TX,AA:BB:CC:DD:EE:82,PizzaHut_6
1 Dominos Way Ann Arbor MI,AA:BB:CC:DD:EE:83,Dominos_6
1 Papa Johns Way Louisville KY,AA:BB:CC:DD:EE:84,PapaJohns_6
1 Subway Way Milford CT,AA:BB:CC:DD:EE:85,Subway_6
1 Chipotle Way Newport Beach CA,AA:BB:CC:DD:EE:86,Chipotle_6
1 Panera Way St Louis MO,AA:BB:CC:DD:EE:87,Panera_6
1 Chick-fil-A Way Atlanta GA,AA:BB:CC:DD:EE:88,ChickfilA_6
1 In-N-Out Way Irvine CA,AA:BB:CC:DD:EE:89,InNOut_6
1 Five Guys Way Lorton VA,AA:BB:CC:DD:EE:8A,FiveGuys_6
1 Shake Shack Way New York NY,AA:BB:CC:DD:EE:8B,ShakeShack_6
1 White Castle Way Columbus OH,AA:BB:CC:DD:EE:8C,WhiteCastle_6
1 Sonic Way Oklahoma City OK,AA:BB:CC:DD:EE:8D,Sonic_6
1 Arbys Way Atlanta GA,AA:BB:CC:DD:EE:8E,Arbys_6
1 Jack in the Box Way San Diego CA,AA:BB:CC:DD:EE:8F,JackBox_6
1 Carl's Jr Way Anaheim CA,AA:BB:CC:DD:EE:90,CarlsJr_6
1 Hardees Way Rocky Mount NC,AA:BB:CC:DD:EE:91,Hardees_6
1 Popeyes Way Miami FL,AA:BB:CC:DD:EE:92,Popeyes_6
1 Bojangles Way Charlotte NC,AA:BB:CC:DD:EE:93,Bojangles_6
1 Zaxbys Way Athens GA,AA:BB:CC:DD:EE:94,Zaxbys_6
1 Raising Canes Way Baton Rouge LA,AA:BB:CC:DD:EE:95,RaisingCanes_6
1 Wingstop Way Dallas TX,AA:BB:CC:DD:EE:96,Wingstop_6
1 Buffalo Wild Wings Way Minneapolis MN,AA:BB:CC:DD:EE:97,BWW_6
1 Hooters Way Clearwater FL,AA:BB:CC:DD:EE:98,Hooters_6
1 Twin Peaks Way Dallas TX,AA:BB:CC:DD:EE:99,TwinPeaks_6
1 Tilted Kilt Way Tempe AZ,AA:BB:CC:DD:EE:9A,TiltedKilt_6
1 Applebees Way Glendale CA,AA:BB:CC:DD:EE:9B,Applebees_6
1 Chilis Way Dallas TX,AA:BB:CC:DD:EE:9C,Chilis_6
1 TGI Fridays Way Dallas TX,AA:BB:CC:DD:EE:9D,Fridays_6
1 Olive Garden Way Orlando FL,AA:BB:CC:DD:EE:9E,OliveGarden_6
1 Red Lobster Way Orlando FL,AA:BB:CC:DD:EE:9F,RedLobster_6
1 Outback Way Tampa FL,AA:BB:CC:DD:EE:A0,Outback_6
1 Texas Roadhouse Way Louisville KY,AA:BB:CC:DD:EE:A1,TexasRoadhouse_6
1 LongHorn Way Orlando FL,AA:BB:CC:DD:EE:A2,LongHorn_6
1 Cracker Barrel Way Lebanon TN,AA:BB:CC:DD:EE:A3,CrackerBarrel_6
1 Bob Evans Way Columbus OH,AA:BB:CC:DD:EE:A4,BobEvans_6
1 Dennys Way Spartanburg SC,AA:BB:CC:DD:EE:A5,Dennys_6
1 IHOP Way Glendale CA,AA:BB:CC:DD:EE:A6,IHOP_6
1 Waffle House Way Norcross GA,AA:BB:CC:DD:EE:A7,WaffleHouse_6
1 Perkins Way Memphis TN,AA:BB:CC:DD:EE:A8,Perkins_6
1 Village Inn Way Denver CO,AA:BB:CC:DD:EE:A9,VillageInn_6
1 Shoneys Way Nashville TN,AA:BB:CC:DD:EE:AA,Shoneys_6
1 Golden Corral Way Raleigh NC,AA:BB:CC:DD:EE:AB,GoldenCorral_6
1 Ryans Way Greer SC,AA:BB:CC:DD:EE:AC,Ryans_6
1 Hometown Buffet Way San Diego CA,AA:BB:CC:DD:EE:AD,Hometown_6
1 Sizzler Way Mission Viejo CA,AA:BB:CC:DD:EE:AE,Sizzler_6
1 Ponderosa Way Dayton OH,AA:BB:CC:DD:EE:AF,Ponderosa_6
1 Bonanza Way Dallas TX,AA:BB:CC:DD:EE:B0,Bonanza_6
1 Lubys Way Houston TX,AA:BB:CC:DD:EE:B1,Lubys_6
1 Furrs Way Albuquerque NM,AA:BB:CC:DD:EE:B2,Furrs_6
1 Piccadilly Way Baton Rouge LA,AA:BB:CC:DD:EE:B3,Piccadilly_6
1 K&W Way Winston-Salem NC,AA:BB:CC:DD:EE:B4,KW_6
1 Morrisons Way Mobile AL,AA:BB:CC:DD:EE:B5,Morrisons_6
1 MCL Way Indianapolis IN,AA:BB:CC:DD:EE:B6,MCL_6
1 Souplantation Way San Diego CA,AA:BB:CC:DD:EE:B7,Souplantation_6
1 Sweet Tomatoes Way Lakewood CO,AA:BB:CC:DD:EE:B8,SweetTomatoes_6
1 Cici's Pizza Way Coppell TX,AA:BB:CC:DD:EE:B9,Cicis_6
1 Chuck E Cheese Way Irving TX,AA:BB:CC:DD:EE:BA,ChuckECheese_6
1 Dave and Busters Way Dallas TX,AA:BB:CC:DD:EE:BB,DaveAndBusters_6
1 Main Event Way Dallas TX,AA:BB:CC:DD:EE:BC,MainEvent_6
1600 Pennsylvania Avenue NW Washington DC,AA:BB:CC:DD:EE:BD,WhiteHouse_7
350 Fifth Avenue New York NY,AA:BB:CC:DD:EE:BE,Empire_7
1 Infinite Loop Cupertino CA,AA:BB:CC:DD:EE:BF,Apple_7
1 Microsoft Way Redmond WA,AA:BB:CC:DD:EE:C0,Microsoft_7
1 Hacker Way Menlo Park CA,AA:BB:CC:DD:EE:C1,Facebook_7
1901 S Bell Ave Chicago IL,AA:BB:CC:DD:EE:C2,Google_7
410 Terry Ave N Seattle WA,AA:BB:CC:DD:EE:C3,Amazon_7
1 Tesla Road Austin TX,AA:BB:CC:DD:EE:C4,Tesla_7
1 Apple Park Way Cupertino CA,AA:BB:CC:DD:EE:C5,ApplePark_7
500 Oracle Parkway Redwood City CA,AA:BB:CC:DD:EE:C6,Oracle_7
100 Oracle Parkway Redwood City CA,AA:BB:CC:DD:EE:C7,Oracle2_7
200 Oracle Parkway Redwood City CA,AA:BB:CC:DD:EE:C8,Oracle3_7
300 Oracle Parkway Redwood City CA,AA:BB:CC:DD:EE:C9,Oracle4_7
400 Oracle Parkway Redwood City CA,AA:BB:CC:DD:EE:CA,Oracle5_7
600 Oracle Parkway Redwood City CA,AA:BB:CC:DD:EE:CB,Oracle6_7
700 Oracle Parkway Redwood City CA,AA:BB:CC:DD:EE:CC,Oracle7_7
800 Oracle Parkway Redwood City CA,AA:BB:CC:DD:EE:CD,Oracle8_7
900 Oracle Parkway Redwood City CA,AA:BB:CC:DD:EE:CE,Oracle9_7
1000 Oracle Parkway Redwood City CA,AA:BB:CC:DD:EE:CF,Oracle10_7
1 CNN Center Atlanta GA,AA:BB:CC:DD:EE:D0,CNN_7
30 Rockefeller Plaza New York NY,AA:BB:CC:DD:EE:D1,NBC_7
77 W 66th St New York NY,AA:BB:CC:DD:EE:D2,ABC_7
51 W 52nd St New York NY,AA:BB:CC:DD:EE:D3,CBS_7
1211 Avenue of the Americas New York NY,AA:BB:CC:DD:EE:D4,Fox_7
1 Time Warner Center New York NY,AA:BB:CC:DD:EE:D5,TimeWarner_7
1 AT&T Plaza Dallas TX,AA:BB:CC:DD:EE:D6,ATT_7
1095 Avenue of the Americas New York NY,AA:BB:CC:DD:EE:D7,Verizon_7
600 New Jersey Ave NW Washington DC,AA:BB:CC:DD:EE:D8,Sprint_7
6200 Sprint Pkwy Overland Park KS,AA:BB:CC:DD:EE:D9,SprintHQ_7
1 Coca Cola Plaza Atlanta GA,AA:BB:CC:DD:EE:DA,CocaCola_7
1 Pepsi Way Purchase NY,AA:BB:CC:DD:EE:DB,Pepsi_7
1 Dr Pepper Way Plano TX,AA:BB:CC:DD:EE:DC,DrPepper_7
1 Monster Way Corona CA,AA:BB:CC:DD:EE:DD,Monster_7
1 Red Bull Way Santa Monica CA,AA:BB:CC:DD:EE:DE,RedBull_7
1 Starbucks Way Seattle WA,AA:BB:CC:DD:EE:DF,Starbucks_7
1 Dunkin Way Canton MA,AA:BB:CC:DD:EE:E0,Dunkin_7
1 McDonalds Plaza Oak Brook IL,AA:BB:CC:DD:EE:E1,McDonalds_7
1 Burger King Way Miami FL,AA:BB:CC:DD:EE:E2,BurgerKing_7
1 Wendys Way Dublin OH,AA:BB:CC:DD:EE:E3,Wendys_7
1 Taco Bell Way Irvine CA,AA:BB:CC:DD:EE:E4,TacoBell_7
1 KFC Way Louisville KY,AA:BB:CC:DD:EE:E5,KFC_7
1 Pizza Hut Way Plano TX,AA:BB:CC:DD:EE:E6,PizzaHut_7
1 Dominos Way Ann Arbor MI,AA:BB:CC:DD:EE:E7,Dominos_7
1 Papa Johns Way Louisville KY,AA:BB:CC:DD:EE:E8,PapaJohns_7
1 Subway Way Milford CT,AA:BB:CC:DD:EE:E9,Subway_7
1 Chipotle Way Newport Beach CA,AA:BB:CC:DD:EE:EA,Chipotle_7
1 Panera Way St Louis MO,AA:BB:CC:DD:EE:EB,Panera_7
1 Chick-fil-A Way Atlanta GA,AA:BB:CC:DD:EE:EC,ChickfilA_7
1 In-N-Out Way Irvine CA,AA:BB:CC:DD:EE:ED,InNOut_7
1 Five Guys Way Lorton VA,AA:BB:CC:DD:EE:EE,FiveGuys_7
1 Shake Shack Way New York NY,AA:BB:CC:DD:EE:EF,ShakeShack_7
1 White Castle Way Columbus OH,AA:BB:CC:DD:EE:F0,WhiteCastle_7
1 Sonic Way Oklahoma City OK,AA:BB:CC:DD:EE:F1,Sonic_7
1 Arbys Way Atlanta GA,AA:BB:CC:DD:EE:F2,Arbys_7
1 Jack in the Box Way San Diego CA,AA:BB:CC:DD:EE:F3,JackBox_7
1 Carl's Jr Way Anaheim CA,AA:BB:CC:DD:EE:F4,CarlsJr_7
1 Hardees Way Rocky Mount NC,AA:BB:CC:DD:EE:F5,Hardees_7
1 Popeyes Way Miami FL,AA:BB:CC:DD:EE:F6,Popeyes_7
1 Bojangles Way Charlotte NC,AA:BB:CC:DD:EE:F7,Bojangles_7
1 Zaxbys Way Athens GA,AA:BB:CC:DD:EE:F8,Zaxbys_7
1 Raising Canes Way Baton Rouge LA,AA:BB:CC:DD:EE:F9,RaisingCanes_7
1 Wingstop Way Dallas TX,AA:BB:CC:DD:EE:FA,Wingstop_7
1 Buffalo Wild Wings Way Minneapolis MN,AA:BB:CC:DD:EE:FB,BWW_7
1 Hooters Way Clearwater FL,AA:BB:CC:DD:EE:FC,Hooters_7
1 Twin Peaks Way Dallas TX,AA:BB:CC:DD:EE:FD,TwinPeaks_7
1 Tilted Kilt Way Tempe AZ,AA:BB:CC:DD:EE:FE,TiltedKilt_7
1 Applebees Way Glendale CA,AA:BB:CC:DD:EE:FF,Applebees_7
1 Chilis Way Dallas TX,AA:BB:CC:DD:EE:00,Chilis_7
1 TGI Fridays Way Dallas TX,AA:BB:CC:DD:EE:01,Fridays_7
1 Olive Garden Way Orlando FL,AA:BB:CC:DD:EE:02,OliveGarden_7
1 Red Lobster Way Orlando FL,AA:BB:CC:DD:EE:03,RedLobster_7
1 Outback Way Tampa FL,AA:BB:CC:DD:EE:04,Outback_7
1 Texas Roadhouse Way Louisville KY,AA:BB:CC:DD:EE:05,TexasRoadhouse_7
1 LongHorn Way Orlando FL,AA:BB:CC:DD:EE:06,LongHorn_7
1 Cracker Barrel Way Lebanon TN,AA:BB:CC:DD:EE:07,CrackerBarrel_7
1 Bob Evans Way Columbus OH,AA:BB:CC:DD:EE:08,BobEvans_7
1 Dennys Way Spartanburg SC,AA:BB:CC:DD:EE:09,Dennys_7
1 IHOP Way Glendale CA,AA:BB:CC:DD:EE:0A,IHOP_7
1 Waffle House Way Norcross GA,AA:BB:CC:DD:EE:0B,WaffleHouse_7
1 Perkins Way Memphis TN,AA:BB:CC:DD:EE:0C,Perkins_7
1 Village Inn Way Denver CO,AA:BB:CC:DD:EE:0D,VillageInn_7
1 Shoneys Way Nashville TN,AA:BB:CC:DD:EE:0E,Shoneys_7
1 Golden Corral Way Raleigh NC,AA:BB:CC:DD:EE:0F,GoldenCorral_7
1 Ryans Way Greer SC,AA:BB:CC:DD:EE:10,Ryans_7
1 Hometown Buffet Way San Diego CA,AA:BB:CC:DD:EE:11,Hometown_7
1 Sizzler Way Mission Viejo CA,AA:BB:CC:DD:EE:12,Sizzler_7
1 Ponderosa Way Dayton OH,AA:BB:CC:DD:EE:13,Ponderosa_7
1 Bonanza Way Dallas TX,AA:BB:CC:DD:EE:14,Bonanza_7
1 Lubys Way Houston TX,AA:BB:CC:DD:EE:15,Lubys_7
1 Furrs Way Albuquerque NM,AA:BB:CC:DD:EE:16,Furrs_7
1 Piccadilly Way Baton Rouge LA,AA:BB:CC:DD:EE:17,Piccadilly_7
1 K&W Way Winston-Salem NC,AA:BB:CC:DD:EE:18,KW_7
1 Morrisons Way Mobile AL,AA:BB:CC:DD:EE:19,Morrisons_7
1 MCL Way Indianapolis IN,AA:BB:CC:DD:EE:1A,MCL_7
1 Souplantation Way San Diego CA,AA:BB:CC:DD:EE:1B,Souplantation_7
1 Sweet Tomatoes Way Lakewood CO,AA:BB:CC:DD:EE:1C,SweetTomatoes_7
1 Cici's Pizza Way Coppell TX,AA:BB:CC:DD:EE:1D,Cicis_7
1 Chuck E Cheese Way Irving TX,AA:BB:CC:DD:EE:1E,ChuckECheese_7
1 Dave and Busters Way Dallas TX,AA:BB:CC:DD:EE:1F,DaveAndBusters_7
1 Main Event Way Dallas TX,AA:BB:CC:DD:EE:20,MainEvent_7
1600 Pennsylvania Avenue NW Washington DC,AA:BB:CC:DD:EE:21,WhiteHouse_8
350 Fifth Avenue New York NY,AA:BB:CC:DD:EE:22,Empire_8
1 Infinite Loop Cupertino CA,AA:BB:CC:DD:EE:23,Apple_8
1 Microsoft Way Redmond WA,AA:BB:CC:DD:EE:24,Microsoft_8
1 Hacker Way Menlo Park CA,AA:BB:CC:DD:EE:25,Facebook_8
1901 S Bell Ave Chicago IL,AA:BB:CC:DD:EE:26,Google_8
410 Terry Ave N Seattle WA,AA:BB:CC:DD:EE:27,Amazon_8
1 Tesla Road Austin TX,AA:BB:CC:DD:EE:28,Tesla_8
1 Apple Park Way Cupertino CA,AA:BB:CC:DD:EE:29,ApplePark_8
500 Oracle Parkway Redwood City CA,AA:BB:CC:DD:EE:2A,Oracle_8
100 Oracle Parkway Redwood City CA,AA:BB:CC:DD:EE:2B,Oracle2_8
200 Oracle Parkway Redwood City CA,AA:BB:CC:DD:EE:2C,Oracle3_8
300 Oracle Parkway Redwood City CA,AA:BB:CC:DD:EE:2D,Oracle4_8
400 Oracle Parkway Redwood City CA,AA:BB:CC:DD:EE:2E,Oracle5_8
600 Oracle Parkway Redwood City CA,AA:BB:CC:DD:EE:2F,Oracle6_8
700 Oracle Parkway Redwood City CA,AA:BB:CC:DD:EE:30,Oracle7_8
800 Oracle Parkway Redwood City CA,AA:BB:CC:DD:EE:31,Oracle8_8
900 Oracle Parkway Redwood City CA,AA:BB:CC:DD:EE:32,Oracle9_8
1000 Oracle Parkway Redwood City CA,AA:BB:CC:DD:EE:33,Oracle10_8
1 CNN Center Atlanta GA,AA:BB:CC:DD:EE:34,CNN_8
30 Rockefeller Plaza New York NY,AA:BB:CC:DD:EE:35,NBC_8
77 W 66th St New York NY,AA:BB:CC:DD:EE:36,ABC_8
51 W 52nd St New York NY,AA:BB:CC:DD:EE:37,CBS_8
1211 Avenue of the Americas New York NY,AA:BB:CC:DD:EE:38,Fox_8
1 Time Warner Center New York NY,AA:BB:CC:DD:EE:39,TimeWarner_8
1 AT&T Plaza Dallas TX,AA:BB:CC:DD:EE:3A,ATT_8
1095 Avenue of the Americas New York NY,AA:BB:CC:DD:EE:3B,Verizon_8
600 New Jersey Ave NW Washington DC,AA:BB:CC:DD:EE:3C,Sprint_8
6200 Sprint Pkwy Overland Park KS,AA:BB:CC:DD:EE:3D,SprintHQ_8
1 Coca Cola Plaza Atlanta GA,AA:BB:CC:DD:EE:3E,CocaCola_8
1 Pepsi Way Purchase NY,AA:BB:CC:DD:EE:3F,Pepsi_8
1 Dr Pepper Way Plano TX,AA:BB:CC:DD:EE:40,DrPepper_8
1 Monster Way Corona CA,AA:BB:CC:DD:EE:41,Monster_8
1 Red Bull Way Santa Monica CA,AA:BB:CC:DD:EE:42,RedBull_8
1 Starbucks Way Seattle WA,AA:BB:CC:DD:EE:43,Starbucks_8
1 Dunkin Way Canton MA,AA:BB:CC:DD:EE:44,Dunkin_8
1 McDonalds Plaza Oak Brook IL,AA:BB:CC:DD:EE:45,McDonalds_8
1 Burger King Way Miami FL,AA:BB:CC:DD:EE:46,BurgerKing_8
1 Wendys Way Dublin OH,AA:BB:CC:DD:EE:47,Wendys_8
1 Taco Bell Way Irvine CA,AA:BB:CC:DD:EE:48,TacoBell_8
1 KFC Way Louisville KY,AA:BB:CC:DD:EE:49,KFC_8
1 Pizza Hut Way Plano TX,AA:BB:CC:DD:EE:4A,PizzaHut_8
1 Dominos Way Ann Arbor MI,AA:BB:CC:DD:EE:4B,Dominos_8
1 Papa Johns Way Louisville KY,AA:BB:CC:DD:EE:4C,PapaJohns_8
1 Subway Way Milford CT,AA:BB:CC:DD:EE:4D,Subway_8
1 Chipotle Way Newport Beach CA,AA:BB:CC:DD:EE:4E,Chipotle_8
1 Panera Way St Louis MO,AA:BB:CC:DD:EE:4F,Panera_8
1 Chick-fil-A Way Atlanta GA,AA:BB:CC:DD:EE:50,ChickfilA_8
1 In-N-Out Way Irvine CA,AA:BB:CC:DD:EE:51,InNOut_8
1 Five Guys Way Lorton VA,AA:BB:CC:DD:EE:52,FiveGuys_8
1 Shake Shack Way New York NY,AA:BB:CC:DD:EE:53,ShakeShack_8
1 White Castle Way Columbus OH,AA:BB:CC:DD:EE:54,WhiteCastle_8
1 Sonic Way Oklahoma City OK,AA:BB:CC:DD:EE:55,Sonic_8
1 Arbys Way Atlanta GA,AA:BB:CC:DD:EE:56,Arbys_8
1 Jack in the Box Way San Diego CA,AA:BB:CC:DD:EE:57,JackBox_8
1 Carl's Jr Way Anaheim CA,AA:BB:CC:DD:EE:58,CarlsJr_8
1 Hardees Way Rocky Mount NC,AA:BB:CC:DD:EE:59,Hardees_8
1 Popeyes Way Miami FL,AA:BB:CC:DD:EE:5A,Popeyes_8
1 Bojangles Way Charlotte NC,AA:BB:CC:DD:EE:5B,Bojangles_8
1 Zaxbys Way Athens GA,AA:BB:CC:DD:EE:5C,Zaxbys_8
1 Raising Canes Way Baton Rouge LA,AA:BB:CC:DD:EE:5D,RaisingCanes_8
1 Wingstop Way Dallas TX,AA:BB:CC:DD:EE:5E,Wingstop_8
1 Buffalo Wild Wings Way Minneapolis MN,AA:BB:CC:DD:EE:5F,BWW_8
1 Hooters Way Clearwater FL,AA:BB:CC:DD:EE:60,Hooters_8
1 Twin Peaks Way Dallas TX,AA:BB:CC:DD:EE:61,TwinPeaks_8
1 Tilted Kilt Way Tempe AZ,AA:BB:CC:DD:EE:62,TiltedKilt_8
1 Applebees Way Glendale CA,AA:BB:CC:DD:EE:63,Applebees_8
1 Chilis Way Dallas TX,AA:BB:CC:DD:EE:64,Chilis_8
1 TGI Fridays Way Dallas TX,AA:BB:CC:DD:EE:65,Fridays_8
1 Olive Garden Way Orlando FL,AA:BB:CC:DD:EE:66,OliveGarden_8
1 Red Lobster Way Orlando FL,AA:BB:CC:DD:EE:67,RedLobster_8
1 Outback Way Tampa FL,AA:BB:CC:DD:EE:68,Outback_8
1 Texas Roadhouse Way Louisville KY,AA:BB:CC:DD:EE:69,TexasRoadhouse_8
1 LongHorn Way Orlando FL,AA:BB:CC:DD:EE:6A,LongHorn_8
1 Cracker Barrel Way Lebanon TN,AA:BB:CC:DD:EE:6B,CrackerBarrel_8
1 Bob Evans Way Columbus OH,AA:BB:CC:DD:EE:6C,BobEvans_8
1 Dennys Way Spartanburg SC,AA:BB:CC:DD:EE:6D,Dennys_8
1 IHOP Way Glendale CA,AA:BB:CC:DD:EE:6E,IHOP_8
1 Waffle House Way Norcross GA,AA:BB:CC:DD:EE:6F,WaffleHouse_8
1 Perkins Way Memphis TN,AA:BB:CC:DD:EE:70,Perkins_8
1 Village Inn Way Denver CO,AA:BB:CC:DD:EE:71,VillageInn_8
1 Shoneys Way Nashville TN,AA:BB:CC:DD:EE:72,Shoneys_8
1 Golden Corral Way Raleigh NC,AA:BB:CC:DD:EE:73,GoldenCorral_8
1 Ryans Way Greer SC,AA:BB:CC:DD:EE:74,Ryans_8
1 Hometown Buffet Way San Diego CA,AA:BB:CC:DD:EE:75,Hometown_8
1 Sizzler Way Mission Viejo CA,AA:BB:CC:DD:EE:76,Sizzler_8
1 Ponderosa Way Dayton OH,AA:BB:CC:DD:EE:77,Ponderosa_8
1 Bonanza Way Dallas TX,AA:BB:CC:DD:EE:78,Bonanza_8
1 Lubys Way Houston TX,AA:BB:CC:DD:EE:79,Lubys_8
1 Furrs Way Albuquerque NM,AA:BB:CC:DD:EE:7A,Furrs_8
1 Piccadilly Way Baton Rouge LA,AA:BB:CC:DD:EE:7B,Piccadilly_8
1 K&W Way Winston-Salem NC,AA:BB:CC:DD:EE:7C,KW_8
1 Morrisons Way Mobile AL,AA:BB:CC:DD:EE:7D,Morrisons_8
1 MCL Way Indianapolis IN,AA:BB:CC:DD:EE:7E,MCL_8
1 Souplantation Way San Diego CA,AA:BB:CC:DD:EE:7F,Souplantation_8
1 Sweet Tomatoes Way Lakewood CO,AA:BB:CC:DD:EE:80,SweetTomatoes_8
1 Cici's Pizza Way Coppell TX,AA:BB:CC:DD:EE:81,Cicis_8
1 Chuck E Cheese Way Irving TX,AA:BB:CC:DD:EE:82,ChuckECheese_8
1 Dave and Busters Way Dallas TX,AA:BB:CC:DD:EE:83,DaveAndBusters_8
1 Main Event Way Dallas TX,AA:BB:CC:DD:EE:84,MainEvent_8
1600 Pennsylvania Avenue NW Washington DC,AA:BB:CC:DD:EE:85,WhiteHouse_9
350 Fifth Avenue New York NY,AA:BB:CC:DD:EE:86,Empire_9
1 Infinite Loop Cupertino CA,AA:BB:CC:DD:EE:87,Apple_9
1 Microsoft Way Redmond WA,AA:BB:CC:DD:EE:88,Microsoft_9
1 Hacker Way Menlo Park CA,AA:BB:CC:DD:EE:89,Facebook_9
1901 S Bell Ave Chicago IL,AA:BB:CC:DD:EE:8A,Google_9
410 Terry Ave N Seattle WA,AA:BB:CC:DD:EE:8B,Amazon_9
1 Tesla Road Austin TX,AA:BB:CC:DD:EE:8C,Tesla_9
1 Apple Park Way Cupertino CA,AA:BB:CC:DD:EE:8D,ApplePark_9
500 Oracle Parkway Redwood City CA,AA:BB:CC:DD:EE:8E,Oracle_9
100 Oracle Parkway Redwood City CA,AA:BB:CC:DD:EE:8F,Oracle2_9
200 Oracle Parkway Redwood City CA,AA:BB:CC:DD:EE:90,Oracle3_9
300 Oracle Parkway Redwood City CA,AA:BB:CC:DD:EE:91,Oracle4_9
400 Oracle Parkway Redwood City CA,AA:BB:CC:DD:EE:92,Oracle5_9
600 Oracle Parkway Redwood City CA,AA:BB:CC:DD:EE:93,Oracle6_9
700 Oracle Parkway Redwood City CA,AA:BB:CC:DD:EE:94,Oracle7_9
800 Oracle Parkway Redwood City CA,AA:BB:CC:DD:EE:95,Oracle8_9
900 Oracle Parkway Redwood City CA,AA:BB:CC:DD:EE:96,Oracle9_9
1000 Oracle Parkway Redwood City CA,AA:BB:CC:DD:EE:97,Oracle10_9
1 CNN Center Atlanta GA,AA:BB:CC:DD:EE:98,CNN_9
30 Rockefeller Plaza New York NY,AA:BB:CC:DD:EE:99,NBC_9
77 W 66th St New York NY,AA:BB:CC:DD:EE:9A,ABC_9
51 W 52nd St New York NY,AA:BB:CC:DD:EE:9B,CBS_9
1211 Avenue of the Americas New York NY,AA:BB:CC:DD:EE:9C,Fox_9
1 Time Warner Center New York NY,AA:BB:CC:DD:EE:9D,TimeWarner_9
1 AT&T Plaza Dallas TX,AA:BB:CC:DD:EE:9E,ATT_9
1095 Avenue of the Americas New York NY,AA:BB:CC:DD:EE:9F,Verizon_9
600 New Jersey Ave NW Washington DC,AA:BB:CC:DD:EE:A0,Sprint_9
6200 Sprint Pkwy Overland Park KS,AA:BB:CC:DD:EE:A1,SprintHQ_9
1 Coca Cola Plaza Atlanta GA,AA:BB:CC:DD:EE:A2,CocaCola_9
1 Pepsi Way Purchase NY,AA:BB:CC:DD:EE:A3,Pepsi_9
1 Dr Pepper Way Plano TX,AA:BB:CC:DD:EE:A4,DrPepper_9
1 Monster Way Corona CA,AA:BB:CC:DD:EE:A5,Monster_9
1 Red Bull Way Santa Monica CA,AA:BB:CC:DD:EE:A6,RedBull_9
1 Starbucks Way Seattle WA,AA:BB:CC:DD:EE:A7,Starbucks_9
1 Dunkin Way Canton MA,AA:BB:CC:DD:EE:A8,Dunkin_9
1 McDonalds Plaza Oak Brook IL,AA:BB:CC:DD:EE:A9,McDonalds_9
1 Burger King Way Miami FL,AA:BB:CC:DD:EE:AA,BurgerKing_9
1 Wendys Way Dublin OH,AA:BB:CC:DD:EE:AB,Wendys_9
1 Taco Bell Way Irvine CA,AA:BB:CC:DD:EE:AC,TacoBell_9
1 KFC Way Louisville KY,AA:BB:CC:DD:EE:AD,KFC_9
1 Pizza Hut Way Plano TX,AA:BB:CC:DD:EE:AE,PizzaHut_9
1 Dominos Way Ann Arbor MI,AA:BB:CC:DD:EE:AF,Dominos_9
1 Papa Johns Way Louisville KY,AA:BB:CC:DD:EE:B0,PapaJohns_9
1 Subway Way Milford CT,AA:BB:CC:DD:EE:B1,Subway_9
1 Chipotle Way Newport Beach CA,AA:BB:CC:DD:EE:B2,Chipotle_9
1 Panera Way St Louis MO,AA:BB:CC:DD:EE:B3,Panera_9
1 Chick-fil-A Way Atlanta GA,AA:BB:CC:DD:EE:B4,ChickfilA_9
1 In-N-Out Way Irvine CA,AA:BB:CC:DD:EE:B5,InNOut_9
1 Five Guys Way Lorton VA,AA:BB:CC:DD:EE:B6,FiveGuys_9
1 Shake Shack Way New York NY,AA:BB:CC:DD:EE:B7,ShakeShack_9
1 White Castle Way Columbus OH,AA:BB:CC:DD:EE:B8,WhiteCastle_9
1 Sonic Way Oklahoma City OK,AA:BB:CC:DD:EE:B9,Sonic_9
1 Arbys Way Atlanta GA,AA:BB:CC:DD:EE:BA,Arbys_9
1 Jack in the Box Way San Diego CA,AA:BB:CC:DD:EE:BB,JackBox_9
1 Carl's Jr Way Anaheim CA,AA:BB:CC:DD:EE:BC,CarlsJr_9
1 Hardees Way Rocky Mount NC,AA:BB:CC:DD:EE:BD,Hardees_9
1 Popeyes Way Miami FL,AA:BB:CC:DD:EE:BE,Popeyes_9
1 Bojangles Way Charlotte NC,AA:BB:CC:DD:EE:BF,Bojangles_9
1 Zaxbys Way Athens GA,AA:BB:CC:DD:EE:C0,Zaxbys_9
1 Raising Canes Way Baton Rouge LA,AA:BB:CC:DD:EE:C1,RaisingCanes_9
1 Wingstop Way Dallas TX,AA:BB:CC:DD:EE:C2,Wingstop_9
1 Buffalo Wild Wings Way Minneapolis MN,AA:BB:CC:DD:EE:C3,BWW_9
1 Hooters Way Clearwater FL,AA:BB:CC:DD:EE:C4,Hooters_9
1 Twin Peaks Way Dallas TX,AA:BB:CC:DD:EE:C5,TwinPeaks_9
1 Tilted Kilt Way Tempe AZ,AA:BB:CC:DD:EE:C6,TiltedKilt_9
1 Applebees Way Glendale CA,AA:BB:CC:DD:EE:C7,Applebees_9
1 Chilis Way Dallas TX,AA:BB:CC:DD:EE:C8,Chilis_9
1 TGI Fridays Way Dallas TX,AA:BB:CC:DD:EE:C9,Fridays_9
1 Olive Garden Way Orlando FL,AA:BB:CC:DD:EE:CA,OliveGarden_9
1 Red Lobster Way Orlando FL,AA:BB:CC:DD:EE:CB,RedLobster_9
1 Outback Way Tampa FL,AA:BB:CC:DD:EE:CC,Outback_9
1 Texas Roadhouse Way Louisville KY,AA:BB:CC:DD:EE:CD,TexasRoadhouse_9
1 LongHorn Way Orlando FL,AA:BB:CC:DD:EE:CE,LongHorn_9
1 Cracker Barrel Way Lebanon TN,AA:BB:CC:DD:EE:CF,CrackerBarrel_9
1 Bob Evans Way Columbus OH,AA:BB:CC:DD:EE:D0,BobEvans_9
1 Dennys Way Spartanburg SC,AA:BB:CC:DD:EE:D1,Dennys_9
1 IHOP Way Glendale CA,AA:BB:CC:DD:EE:D2,IHOP_9
1 Waffle House Way Norcross GA,AA:BB:CC:DD:EE:D3,WaffleHouse_9
1 Perkins Way Memphis TN,AA:BB:CC:DD:EE:D4,Perkins_9
1 Village Inn Way Denver CO,AA:BB:CC:DD:EE:D5,VillageInn_9
1 Shoneys Way Nashville TN,AA:BB:CC:DD:EE:D6,Shoneys_9
1 Golden Corral Way Raleigh NC,AA:BB:CC:DD:EE:D7,GoldenCorral_9
1 Ryans Way Greer SC,AA:BB:CC:DD:EE:D8,Ryans_9
1 Hometown Buffet Way San Diego CA,AA:BB:CC:DD:EE:D9,Hometown_9
1 Sizzler Way Mission Viejo CA,AA:BB:CC:DD:EE:DA,Sizzler_9
1 Ponderosa Way Dayton OH,AA:BB:CC:DD:EE:DB,Ponderosa_9
1 Bonanza Way Dallas TX,AA:BB:CC:DD:EE:DC,Bonanza_9
1 Lubys Way Houston TX,AA:BB:CC:DD:EE:DD,Lubys_9
1 Furrs Way Albuquerque NM,AA:BB:CC:DD:EE:DE,Furrs_9
1 Piccadilly Way Baton Rouge LA,AA:BB:CC:DD:EE:DF,Piccadilly_9
1 K&W Way Winston-Salem NC,AA:BB:CC:DD:EE:E0,KW_9
1 Morrisons Way Mobile AL,AA:BB:CC:DD:EE:E1,Morrisons_9
1 MCL Way Indianapolis IN,AA:BB:CC:DD:EE:E2,MCL_9
1 Souplantation Way San Diego CA,AA:BB:CC:DD:EE:E3,Souplantation_9
1 Sweet Tomatoes Way Lakewood CO,AA:BB:CC:DD:EE:E4,SweetTomatoes_9
1 Cici's Pizza Way Coppell TX,AA:BB:CC:DD:EE:E5,Cicis_9
1 Chuck E Cheese Way Irving TX,AA:BB:CC:DD:EE:E6,ChuckECheese_9
1 Dave and Busters Way Dallas TX,AA:BB:CC:DD:EE:E7,DaveAndBusters_9
1 Main Event Way Dallas TX,AA:BB:CC:DD:EE:E8,MainEvent_9
